,name,name_v,filedir,start,length,chroma_stft_mean,chroma_stft_var,rms_mean,rms_var,spectral_centroid_mean,spectral_centroid_var,spectral_bandwidth_mean,spectral_bandwidth_var,rolloff_mean,rolloff_var,zero_crossing_rate_mean,zero_crossing_rate_var,harmony_mean,harmony_var,perceptr_mean,perceptr_var,tempo,mfcc1_mean,mfcc1_var,mfcc2_mean,mfcc2_var,mfcc3_mean,mfcc3_var,mfcc4_mean,mfcc4_var,mfcc5_mean,mfcc5_var,mfcc6_mean,mfcc6_var,mfcc7_mean,mfcc7_var,mfcc8_mean,mfcc8_var,mfcc9_mean,mfcc9_var,mfcc10_mean,mfcc10_var,mfcc11_mean,mfcc11_var,mfcc12_mean,mfcc12_var,mfcc13_mean,mfcc13_var,mfcc14_mean,mfcc14_var,mfcc15_mean,mfcc15_var,mfcc16_mean,mfcc16_var,mfcc17_mean,mfcc17_var,mfcc18_mean,mfcc18_var,mfcc19_mean,mfcc19_var,mfcc20_mean,mfcc20_var
<<<<<<< HEAD
<<<<<<< Updated upstream
0,Alice - Per Elisa.mp3,Alice - Per Elisa.mp3.0,documents/Alice_-_Per_Elisa.mp3,54.75383786848072,66150,0.425948,0.08526426,0.06990266,0.00038070456,2501.90270697858,189649.44970227152,2442.8868666974327,140935.78206026962,4999.844125600962,1275197.739283714,0.12200270432692308,0.0006132410263874122,-0.00051776686,0.0027221004,-37.021970517411944,109.50873115148643,103.359375,-159.39209,659.1478,77.43369,189.55048,-8.358326,470.8518,46.473873,120.49425,11.995002,75.57899,13.874205,100.97608,5.4943104,47.7673,10.76725,66.5811,-0.41775185,127.05565,12.492587,62.841072,-15.071221,29.68838,12.462472,72.810905,-5.978056,51.56667,-2.150381,29.896883,-11.0246525,32.306004,-8.393446,63.993767,-0.701078,136.1448,12.502612,55.133427,-5.391393,45.419476,5.6891413,27.82793
1,Alice - Per Elisa.mp3,Alice - Per Elisa.mp3.1,documents/Alice_-_Per_Elisa.mp3,57.75383786848072,66150,0.38672385,0.0828187,0.06798358,0.00046901742,2391.5737753319436,208716.85041314707,2503.268665890956,88675.63547577066,5058.977614182692,1225076.9653046625,0.10773737980769231,0.0010614940259583603,-0.0006346267,0.0025969718,-41.004923073873584,115.82117292454376,103.359375,-161.65335,1021.74445,85.080315,338.1077,-1.3166938,208.10658,40.648273,101.17163,5.458857,99.08442,11.788985,88.28732,6.028576,100.54847,8.115813,38.92665,-6.619632,97.17896,12.448244,66.92088,-14.907299,45.550655,10.666444,44.050365,-7.004035,35.40485,-2.7050602,33.150166,-10.729357,37.332024,-8.371365,50.13974,-10.025543,134.86893,10.181322,81.87033,-6.2974725,73.4157,5.9029965,51.6188
2,Alice - Per Elisa.mp3,Alice - Per Elisa.mp3.2,documents/Alice_-_Per_Elisa.mp3,60.75383786848072,66150,0.41374496,0.08318061,0.06999124,0.00044020283,2481.3031566508716,241007.12851929493,2472.2325739338103,138460.9093459187,5057.818134014423,1559629.3124376668,0.11487755408653846,0.0013339218303296695,-0.0006239003,0.0023235355,-37.55900163491933,114.89290302538643,103.359375,-150.07567,880.01294,83.0262,313.4466,-6.180576,334.78156,44.03512,125.788376,4.266448,90.89359,7.5260034,131.90923,5.61708,118.77074,15.147751,64.06733,-5.44364,75.77359,13.556087,55.576744,-14.603236,61.059948,7.3361087,68.91425,-2.7844076,33.897003,2.8399355,48.196995,-3.731721,46.467037,-1.356017,43.734383,-8.498345,57.01704,4.718214,52.22788,-15.552134,62.67859,-0.54537094,54.14075
3,Alice - Per Elisa.mp3,Alice - Per Elisa.mp3.3,documents/Alice_-_Per_Elisa.mp3,63.75383786848073,66150,0.37902865,0.08387346,0.044877414,0.00016524174,1786.5127140660895,319175.6817521913,1813.0747861329528,112970.02823072024,3347.419245793269,851771.6853842932,0.09132737379807693,0.0016934079531381822,-0.0017364994,0.0014675617,-43.43542533936884,259.8009129707445,129.19921875,-212.71806,2523.8135,122.38938,836.92267,-36.28647,110.927086,36.14846,93.21579,-4.845485,42.362305,-0.40510607,223.76433,-3.757599,180.8152,-0.9938169,49.119373,-18.394974,50.00905,-4.1831617,92.50727,-19.98294,84.74932,1.033984,164.58897,-15.423824,57.293564,-6.749599,41.722137,-6.4516864,37.213135,0.7782672,34.033054,-9.024009,34.670063,0.86463106,59.25266,-14.58194,33.475353,-2.801505,34.407917
4,Alice - Per Elisa.mp3,Alice - Per Elisa.mp3.4,documents/Alice_-_Per_Elisa.mp3,66.75383786848073,66150,0.29112327,0.07834954,0.051311772,8.015198e-05,2655.53573111659,35000.35474151707,2397.2702664020007,10512.483481384803,4992.47314453125,156665.75449842674,0.15455603966346154,0.00042517437737368976,-0.002038063,0.0020989757,-34.67429185084771,268.4354498061257,151.99908088235293,-155.41316,159.72331,71.32885,81.13365,-28.383223,23.63734,25.546625,61.572422,-12.322213,35.792534,-1.7503093,44.855995,-13.658957,27.164625,-2.8291268,37.90297,-14.680079,26.743946,-2.3891854,26.929867,-20.864138,21.66942,7.5467587,22.370485,-16.081778,45.66966,0.5466723,25.572329,-13.378822,38.955963,-8.882696,42.50625,-11.439526,35.477135,7.1716433,40.336792,-7.9048686,29.45717,7.490626,40.97733
5,Alice - Per Elisa.mp3,Alice - Per Elisa.mp3.5,documents/Alice_-_Per_Elisa.mp3,69.75383786848073,66150,0.396562,0.08182841,0.09188806,0.0008248085,2321.4611374606,101518.92036741637,2223.13397475383,44727.74506320791,4467.974008413462,497666.46812498214,0.12776442307692307,0.0008639282587717271,-0.00074682286,0.004059788,-37.03751683111522,163.01277893663234,129.19921875,-102.87456,807.0769,93.19449,284.38715,-25.079908,166.68022,35.071274,109.41166,-7.217849,65.24712,1.7271607,54.505745,-8.693471,72.58373,7.2790246,58.513165,-4.0304923,36.528965,7.969182,116.614456,-14.167566,49.08725,6.8798304,66.7375,-13.580478,42.05546,0.44743606,39.669228,-8.087896,82.82584,-4.8248215,47.0878,-6.157377,79.047165,4.6993785,33.938873,-7.1581116,27.25651,7.6022124,60.76884
6,Alice - Per Elisa.mp3,Alice - Per Elisa.mp3.6,documents/Alice_-_Per_Elisa.mp3,72.75383786848073,66150,0.39967412,0.077181175,0.09348615,0.000671275,2226.9941196032173,93223.98233468986,2202.9563958528433,78858.48495861735,4373.642014723558,604714.3618442955,0.11688326322115385,0.0009354931221911188,-0.00039564256,0.004228387,-34.40336835703936,117.87651194830347,129.19921875,-105.886475,547.0994,99.2441,82.29922,-23.240227,286.8549,36.527546,88.605515,-3.3944561,73.52074,9.372833,133.67776,4.9942107,108.32204,6.9815655,76.715485,-6.956768,45.098385,14.588375,52.965874,-8.734281,36.044052,9.843907,30.936977,-10.482352,54.825714,3.0113282,33.838173,-0.95791715,37.427338,0.3262478,27.992075,-9.564868,30.1128,5.4268036,44.967045,-8.781618,23.028366,3.8310556,33.92735
7,Alice - Per Elisa.mp3,Alice - Per Elisa.mp3.7,documents/Alice_-_Per_Elisa.mp3,75.75383786848073,66150,0.4010516,0.07594355,0.09155836,0.0006098267,2509.3116034197633,222051.653055987,2437.5070587548894,124911.2815092456,5007.4635667067305,1541538.5396613171,0.13703801081730768,0.0007906352979897042,-0.00043423157,0.00450445,-33.80485367821616,113.7105514815776,103.359375,-102.35389,304.13852,90.245705,212.22185,-12.453649,199.90077,36.03085,101.19851,-0.6918462,99.081024,3.1657887,57.90436,-0.18554048,58.302696,10.678057,33.64807,-11.757433,50.331844,10.086454,38.786808,-14.587273,44.645844,10.778955,36.923424,-4.068187,33.86738,4.2674203,27.683086,-5.8058667,36.879787,1.2940985,43.184254,-2.4468307,38.704483,16.659939,38.698814,-2.6998158,33.87957,5.8812604,21.019361
8,Alice - Per Elisa.mp3,Alice - Per Elisa.mp3.8,documents/Alice_-_Per_Elisa.mp3,78.75383786848073,66150,0.3794494,0.087196134,0.099070415,0.00046261956,2366.8944993596156,163145.510161703,2263.2536971686204,77529.0522728717,4572.244403545673,873839.1283694456,0.12955228365384616,0.0007348251907077767,-0.00056662376,0.005152223,-34.69118985399151,121.48149202723766,123.046875,-101.092926,230.09619,93.32506,137.57866,-19.697075,228.15448,38.739025,104.20013,-4.8923054,32.886433,-0.6414447,98.50795,-6.899477,57.81835,12.253025,71.89167,-3.7052624,59.150127,15.914252,44.08753,-15.536268,32.93438,10.378701,34.83932,-5.7551217,28.991613,4.4962955,33.844654,-6.7881894,39.546764,-5.5461454,55.370472,-5.9923735,57.603657,8.053009,30.8285,-10.786074,46.357876,9.572866,24.063286
9,Alice - Per Elisa.mp3,Alice - Per Elisa.mp3.9,documents/Alice_-_Per_Elisa.mp3,81.75383786848073,66150,0.39074466,0.08002725,0.09404774,0.0007192449,2153.9050711092073,81119.434873797,2184.529725158418,36949.514419921776,4151.932842548077,343873.38921783946,0.11314603365384615,0.0010526327550763916,-0.0003898736,0.004991897,-36.63350221642137,123.01801709371338,117.45383522727273,-111.051384,522.061,102.34696,108.20841,-21.369202,194.71051,34.38391,68.00346,-3.8717134,42.66433,5.5084734,103.646034,3.9217873,83.57868,9.788107,33.366535,-6.1567674,54.91353,17.962185,114.30119,-13.847069,38.356083,8.606667,30.28366,-9.068086,62.618465,5.5170445,27.04452,1.3737037,52.96798,1.0408411,30.234562,-10.350295,32.014053,4.1438355,27.870995,-10.317948,28.640635,2.4300702,82.48955
10,Alice - Per Elisa.mp3,Alice - Per Elisa.mp3.10,documents/Alice_-_Per_Elisa.mp3,84.75383786848073,66150,0.29013905,0.09677709,0.05322858,0.0003781811,2287.2484457070295,385506.53440688987,2649.325803924789,128549.17811250847,5495.521897536058,2032389.7039694549,0.07873347355769231,0.0008020549977319481,-0.0014731925,0.0020552215,-44.90620949297527,176.71387051443165,99.38401442307692,-196.31934,2252.5342,92.213066,448.7252,10.125301,146.36356,20.405827,89.316154,-3.5129213,77.247154,14.452227,37.590504,-3.880811,15.307946,11.704315,30.471386,-7.1616774,19.660149,2.7663066,31.537056,-18.056883,47.07754,-4.043332,72.2983,-10.229868,53.982132,-2.5682101,55.950993,-6.3336587,23.771248,-2.5679479,51.613117,-9.674818,41.998302,-1.0218748,33.255085,-14.40533,24.175928,-3.4907749,58.144936
11,Alice - Per Elisa.mp3,Alice - Per Elisa.mp3.11,documents/Alice_-_Per_Elisa.mp3,87.75383786848073,66150,0.35732812,0.08981901,0.062213626,0.00058100146,1880.6811007625552,276260.5744356999,2451.575905170255,188501.93613103896,4537.0458984375,2552210.657748809,0.06233849158653846,0.00046696071794047155,-0.0006657803,0.0023963526,-41.37089074743903,117.59255627002132,103.359375,-203.71367,1483.5664,104.9015,455.48743,14.582444,285.55786,30.108448,64.92476,4.872599,60.30099,18.259014,31.526306,2.2150753,52.12401,11.769124,76.09634,-2.6192396,26.35595,9.191808,24.163897,-9.497608,52.548218,-1.0379372,41.523453,-6.4213915,35.61536,1.4540112,54.4988,-1.8322604,69.91117,-0.35202673,48.809032,-8.883386,53.00137,0.33756113,49.66639,-10.405912,59.763424,0.30452552,48.21034
12,Alice - Per Elisa.mp3,Alice - Per Elisa.mp3.12,documents/Alice_-_Per_Elisa.mp3,90.75383786848073,66150,0.47082832,0.079152785,0.07519091,0.0005035821,1792.6351606486367,161198.58894401268,2252.1727527429216,150406.36863389544,4075.4071514423076,1483886.798273741,0.06874248798076923,0.0007320953685151051,-0.0003223366,0.0033569846,-40.12015474029006,112.10081531232224,103.359375,-168.90959,2072.1653,109.54096,253.14072,1.2513014,737.1887,36.911777,47.807777,1.2160501,26.166271,9.54534,104.241165,0.7203208,35.402817,20.990013,27.369038,4.2969475,33.144882,12.058082,22.582539,-4.6480074,48.81164,7.174385,37.33563,-7.568378,24.588984,-0.7187111,15.277165,-3.972884,26.243505,1.938316,22.93025,-5.853266,29.301153,5.991766,21.209293,-9.411415,28.843468,-3.4209645,19.223995
13,Alice - Per Elisa.mp3,Alice - Per Elisa.mp3.13,documents/Alice_-_Per_Elisa.mp3,93.75383786848073,66150,0.47769102,0.072654784,0.07638081,0.0006104077,1808.5745421506376,51983.941200125955,2124.1624191528686,49338.08180698108,3817.5884540264424,371613.3803208552,0.07928936298076923,0.00025493322744877384,-0.00060975685,0.0031129513,-38.51374900868017,96.8498006312677,103.359375,-142.69955,597.72705,112.28774,139.37672,-12.239793,171.3343,38.071686,52.12855,-0.5584351,32.18288,2.327006,52.966724,-6.2350006,38.547092,16.494753,24.307808,-0.6675036,27.583551,9.402177,23.33083,-3.7442966,23.710178,8.759239,31.578838,-7.340455,20.535843,-1.8778238,33.89332,-8.54325,19.037182,1.2767551,13.703644,-8.712407,25.706825,6.9472065,24.803652,-9.226427,24.792465,-2.224124,20.697153
14,Alice - Per Elisa.mp3,Alice - Per Elisa.mp3.14,documents/Alice_-_Per_Elisa.mp3,96.75383786848073,66150,0.42933622,0.08108316,0.07074675,0.0006030233,2124.7597976626917,692637.9026276314,2065.4055202842605,267022.6161719141,4128.494779146635,2239536.8799256505,0.10271935096153846,0.002791702338224332,-0.0005761259,0.0020885328,-39.36166071672072,142.0133104618466,99.38401442307692,-168.40962,2668.6428,109.41648,1449.189,-22.28719,604.75793,48.26825,163.73314,4.091313,103.346725,6.577655,212.38278,8.302275,205.42194,11.277143,93.626755,-2.7284763,59.765396,13.933532,111.58161,-6.905378,95.85234,12.094174,81.08445,-9.367134,49.309704,-0.76941353,55.188282,-1.6493031,88.804146,-2.609812,46.80437,-6.406494,26.585138,2.116373,47.051888,-11.818635,61.006416,2.4696403,68.08757
15,Alice - Per Elisa.mp3,Alice - Per Elisa.mp3.15,documents/Alice_-_Per_Elisa.mp3,99.75383786848073,66150,0.40915892,0.083101936,0.06865187,0.00047049238,1845.523631973016,263282.1321737524,1874.8704961633653,118348.1797463856,3580.8060396634614,575644.4081415086,0.09211989182692308,0.001980398448966664,-0.00080693816,0.0024287216,-38.37951329307608,159.32372894832582,103.359375,-181.85228,3222.289,121.67488,751.5086,-34.271454,308.0044,52.467983,140.95782,7.2964864,109.244644,-5.5186477,228.30247,1.6169366,100.54423,9.67037,100.39354,3.063966,176.98077,14.3914795,79.2345,-12.561684,152.67786,14.001157,125.55596,-7.395347,78.73804,2.6114507,59.66036,-2.925971,44.513588,-12.759346,58.04708,-6.8102007,32.56501,0.43865925,34.61534,-9.954785,76.63534,3.241874,67.86395
16,Alice - Per Elisa.mp3,Alice - Per Elisa.mp3.16,documents/Alice_-_Per_Elisa.mp3,102.75383786848073,66150,0.40335074,0.08498218,0.07781824,0.00056525035,2142.5347068218757,469237.85020663164,2167.9400274187706,155689.02068956444,4156.653583233173,1696542.3484874547,0.09991736778846154,0.0017172635095359307,-0.00070262933,0.0029411267,-37.58880281311618,155.0519977339905,103.359375,-149.83968,2397.377,109.42031,819.3459,-20.446735,349.9707,40.527443,278.68536,5.9935546,235.23035,-7.8291645,200.05035,1.676658,164.0131,11.036346,155.64432,-3.4506462,120.218796,15.46415,94.57013,-16.239147,102.7662,16.717352,129.27457,-9.67024,69.37255,-0.84809923,46.907894,-2.7085466,72.355,-3.7936394,42.526463,-7.5285354,68.20198,10.102805,47.143997,-12.9779215,36.01102,-2.0929284,34.284847
17,Alice - Per Elisa.mp3,Alice - Per Elisa.mp3.17,documents/Alice_-_Per_Elisa.mp3,105.75383786848073,66150,0.4407755,0.085155174,0.06750308,0.0005367017,1555.880335606794,228056.95595891224,1879.2016384061199,137297.11746830764,3121.154972956731,769826.7945807361,0.062387319711538464,0.0008705819146872978,-0.0006342941,0.0024569153,-40.02119101162288,158.72179946096153,103.359375,-198.37885,2982.118,137.23488,576.4218,-22.828688,387.08282,42.48235,189.38086,9.588274,172.8938,-5.2502217,240.6144,5.439738,65.2493,12.168446,75.38816,2.2973213,103.78002,7.3718233,108.83293,-7.2086334,234.02028,11.818858,232.32153,-1.4177336,64.7268,-0.494102,32.989475,-2.89808,85.57164,-4.438495,58.358894,-10.87331,44.92237,7.291468,45.17307,-8.218732,59.28725,4.386778,43.35096
18,Alice - Per Elisa.mp3,Alice - Per Elisa.mp3.18,documents/Alice_-_Per_Elisa.mp3,108.75383786848073,66150,0.3644993,0.0836146,0.074092425,0.0005022428,1693.0029652181056,312554.5443695707,2051.8010999736302,140753.24794880374,3514.881310096154,1387042.0133164646,0.06553861177884615,0.0007444611526805268,-0.0006805131,0.003382061,-39.90645575521996,150.36808538254186,103.359375,-171.96136,2100.6113,126.97404,763.2631,-10.9033575,192.43678,32.754543,232.17378,-1.2927963,156.31108,0.88217866,139.46022,1.7892925,54.64402,13.895837,121.91516,-3.7570894,73.36127,1.3790932,52.425407,-1.9847037,61.001083,3.514292,28.602573,-6.907926,29.486341,-2.563396,44.049503,-11.815883,45.577354,1.6358938,30.961512,-10.728818,34.13202,10.389604,39.937927,-11.285821,37.124374,0.29073438,32.49524
19,Alice - Per Elisa.mp3,Alice - Per Elisa.mp3.19,documents/Alice_-_Per_Elisa.mp3,111.75383786848073,66150,0.4038412,0.08296276,0.06793217,0.00058159797,1636.8319107647362,65359.98598516873,2130.701716649751,16988.105565725786,3451.5240009014424,386458.236619742,0.057774939903846155,0.0002933656816651835,-0.00084320205,0.002839364,-38.976493630225136,120.78904545946924,99.38401442307692,-172.69588,384.59668,118.23675,103.36218,-1.6553228,114.99169,33.752953,26.228544,1.2487996,33.52157,5.610946,41.093155,-4.754127,27.536198,16.761305,31.405579,-1.4531678,31.85836,3.6028554,33.824646,-7.34319,20.864952,4.676622,23.06054,-8.177857,34.103275,4.7570076,17.835823,-4.84506,19.074701,4.1439214,27.627066,-8.89833,16.341719,4.5924797,16.937927,-8.364825,10.319417,0.06228419,21.004356
20,Alice - Per Elisa.mp3,Alice - Per Elisa.mp3.20,documents/Alice_-_Per_Elisa.mp3,114.75383786848073,66150,0.4238045,0.08321983,0.072471425,0.0007838893,2238.8906455837896,283811.31745701015,2338.1332829439634,141095.77859528136,4701.443622295673,1442978.149866952,0.098974609375,0.0017199906936058633,-0.0009317547,0.0027110488,-37.61455437231779,120.66550343320543,103.359375,-148.79778,1793.3746,94.17486,406.33887,-11.196275,304.5709,37.65222,104.3368,-0.2805871,65.4006,15.671481,122.06651,5.2827454,157.35484,12.088862,68.83233,-5.6672134,45.3189,6.871298,49.974125,-8.748068,43.316986,8.799109,31.7878,-9.256631,28.770086,5.849212,30.208935,-1.1879411,65.12946,-0.23596297,37.732048,-10.202676,24.987988,1.7758834,26.062578,-14.884638,33.220238,-0.32287246,35.389084
21,Alice - Per Elisa.mp3,Alice - Per Elisa.mp3.21,documents/Alice_-_Per_Elisa.mp3,117.75383786848073,66150,0.39200196,0.089065485,0.089569636,0.0011058275,2657.942289784514,304535.8126071702,2481.632745172059,142803.47188404147,5138.733285757212,1585698.2214747448,0.13799579326923078,0.0015804414918436807,-0.00074836623,0.0036553938,-39.230803254396655,124.42860702815764,103.359375,-123.48156,1071.2026,78.24105,322.45514,-8.964799,481.72897,41.51656,202.65324,5.907525,87.37243,5.6832714,130.26144,3.7117503,99.64701,4.7617383,90.78874,-8.768818,83.98658,9.663272,65.03147,-14.27461,39.291737,11.165736,42.494953,-7.4634767,44.230923,0.982164,41.083862,-8.2552805,43.901646,-6.7347755,91.153275,-12.171041,65.22039,4.462521,55.000347,-9.326513,94.10549,8.765697,64.889206
22,Alice - Per Elisa.mp3,Alice - Per Elisa.mp3.22,documents/Alice_-_Per_Elisa.mp3,120.75383786848073,66150,0.32705104,0.08032698,0.09310383,0.000516404,2688.031943477595,101616.88836205252,2383.9608653013092,51577.762916468615,4986.178823617788,606592.9196122482,0.1535118689903846,0.0006966535720599474,-0.00043023526,0.006191946,-35.441637821803766,123.60608174721945,103.359375,-120.5738,584.5182,68.70361,176.19907,-16.66457,152.07707,45.991047,85.79061,7.1576004,29.848799,13.896219,48.41701,6.242921,58.931145,8.918678,36.76226,5.17599,84.13706,5.521787,63.78311,-14.135958,35.00724,12.306561,34.809578,-9.522401,24.99875,2.1203215,34.63871,-14.551356,35.009354,-7.34116,53.234074,5.3010345,147.38676,11.330229,36.02088,-2.4033406,30.347298,7.4896855,54.57387
23,Alice - Per Elisa.mp3,Alice - Per Elisa.mp3.23,documents/Alice_-_Per_Elisa.mp3,123.75383786848073,66150,0.3451237,0.08662853,0.08915178,0.0007412084,2527.017974130512,178491.24046834305,2380.4367668226223,75004.15538227888,4827.744140625,1004588.0207061768,0.1319598858173077,0.001442184123767198,-0.0007368279,0.0042215865,-35.05979950561994,129.67745944830128,99.38401442307692,-127.09552,1272.5964,81.280174,335.86804,-14.124109,204.13054,42.904305,160.10912,0.50218004,89.75021,2.0338628,99.34251,3.7799802,71.72311,5.8958945,77.85362,-5.46222,103.138374,12.540969,66.97095,-19.454147,68.641945,10.714169,114.05146,-4.979634,37.212982,6.8265457,39.428436,-5.514522,64.82982,-7.6229243,45.783424,-14.757565,34.642765,-1.0637708,35.819225,-19.725119,87.25682,5.791103,80.84432
24,Alice - Per Elisa.mp3,Alice - Per Elisa.mp3.24,documents/Alice_-_Per_Elisa.mp3,126.75383786848073,66150,0.4061942,0.07607287,0.066843994,0.00072677154,2520.398017733968,237884.39554744397,2299.954783675722,147621.4833584791,4710.802283653846,1372470.0141792467,0.14017803485576924,0.0011777255521018125,-0.0011444306,0.002479951,-40.54235704799641,208.95230097077405,123.046875,-146.19424,2230.5813,88.80139,295.9036,-25.600975,613.21674,36.962708,99.80496,0.07852038,87.38728,-3.9759831,318.8234,7.027665,165.26866,-0.011678138,92.20724,-13.485052,55.586544,6.7251906,183.61618,-22.848679,133.24814,14.466808,67.352425,-9.404014,44.387627,-3.7409005,62.279964,-0.78333837,45.834686,-5.037425,30.996395,-6.581822,39.69657,3.957689,36.712757,-13.318441,35.715633,1.7727511,30.584702
25,Alice - Per Elisa.mp3,Alice - Per Elisa.mp3.25,documents/Alice_-_Per_Elisa.mp3,129.75383786848073,66150,0.37405318,0.08248233,0.047229994,0.00020182191,2349.717897210837,264228.1593512412,2156.9882739224927,86926.62337878322,4310.367525540865,721435.6043954222,0.14232647235576923,0.0022097412792183237,-0.0019980476,0.0016675142,-36.16700521775475,254.15214771157707,123.046875,-179.12178,2070.8682,90.88986,897.9265,-36.20083,42.48032,30.93214,109.73805,-5.388425,33.630363,-4.869753,73.97732,-12.798553,87.772484,-3.6272037,52.56392,-14.634897,78.387535,-2.7683845,62.06464,-24.632412,29.761843,8.554905,91.66275,-14.377895,32.910473,-2.4314897,41.41865,-7.196541,64.17614,-5.9872546,58.433285,-11.20049,47.03119,8.180964,58.81767,-10.160487,48.21307,4.636455,61.727463
26,Alice - Per Elisa.mp3,Alice - Per Elisa.mp3.26,documents/Alice_-_Per_Elisa.mp3,132.75383786848073,66150,0.3457968,0.09219522,0.07207141,0.00080609083,2478.875006970036,92808.00210201213,2273.715044159649,14250.435500323,4654.153395432692,216195.63524553762,0.1388221153846154,0.0012321209766455658,-0.0015200594,0.0032393052,-43.92770774166592,231.8461737430754,129.19921875,-134.91188,974.1224,78.601036,304.7256,-27.281412,101.61124,28.786219,115.6206,-12.178003,66.8525,-0.4952794,36.70084,-12.230349,79.883545,1.07209,60.927605,-8.145088,68.37655,1.5857506,54.946297,-18.687542,27.144514,2.7669697,30.197971,-10.88005,41.331837,-1.8761425,30.520557,-12.422778,38.419434,-7.711041,50.364365,-1.6702443,81.37814,10.273323,27.471352,-5.3665977,33.428524,6.358763,48.04885
27,Alice - Per Elisa.mp3,Alice - Per Elisa.mp3.27,documents/Alice_-_Per_Elisa.mp3,135.75383786848073,66150,0.45146337,0.077373415,0.0953263,0.00056025013,2351.2708361822692,139061.09464703195,2262.616337455726,92262.12212377101,4588.311485877404,974224.5539500517,0.12953725961538462,0.000659056612725794,-0.00037780878,0.004041069,-34.01865229865063,113.47868722177364,103.359375,-97.32957,422.5734,96.37191,168.48988,-19.747128,231.20859,39.73818,90.39695,-4.4067845,52.477097,3.3292875,84.333786,-1.1303345,113.95679,5.891223,69.25912,-5.02252,42.898464,15.388651,56.572422,-12.527753,50.902283,12.595319,35.323257,-7.881706,29.115412,3.710931,38.73412,-2.2553651,28.587713,-1.1016735,45.92374,-10.543457,29.732906,7.214883,39.653076,-7.724655,26.294674,8.38005,43.028957
28,Alice - Per Elisa.mp3,Alice - Per Elisa.mp3.28,documents/Alice_-_Per_Elisa.mp3,138.75383786848073,66150,0.42063817,0.07527196,0.091116376,0.0006509664,2441.6929565717433,181538.63995000796,2324.6791470273247,82938.76537027648,4749.810509314904,986401.4735570672,0.13525015024038461,0.0012917463454974474,-0.00042091226,0.003963378,-34.14296167133421,109.01820989654958,103.359375,-99.89933,538.9187,92.237724,189.04008,-19.168974,199.09476,36.043587,70.23259,-5.2619076,121.37785,6.0383215,139.40157,0.67307425,112.11719,9.363901,99.70583,-4.419992,44.927456,12.617547,34.7792,-10.993582,81.71148,9.453786,44.573467,-9.677652,57.790436,5.4271317,25.153643,-4.0269456,17.764791,3.7362812,26.657242,-5.4569945,40.75678,8.264068,81.02245,-7.3039703,23.881836,4.3124166,28.643814
29,Alice - Per Elisa.mp3,Alice - Per Elisa.mp3.29,documents/Alice_-_Per_Elisa.mp3,141.75383786848073,66150,0.35982466,0.08428079,0.107119665,0.00086026784,2335.3895818463475,189306.0286066648,2223.558486037626,109987.39588362501,4551.787860576923,997177.9664712544,0.13392427884615385,0.0006883438381217639,-0.00052080676,0.0061650835,-34.419810019643485,121.73686350903738,107.666015625,-94.132225,277.52435,95.54351,145.82529,-22.542812,228.19876,37.417,101.41392,-3.9087026,59.775715,2.602495,100.78382,-4.1273203,71.95609,10.328955,34.11967,-5.037029,74.8747,12.66247,62.016792,-14.039031,31.967451,10.918001,49.204845,-6.920632,32.298603,0.7753595,27.575068,-9.004637,28.601677,-5.33121,38.54919,-2.8608332,55.076607,11.602345,34.728928,-7.004256,59.54209,5.47816,40.79964
30,Alice - Per Elisa.mp3,Alice - Per Elisa.mp3.30,documents/Alice_-_Per_Elisa.mp3,144.75383786848073,66150,0.4078757,0.07356469,0.099015705,0.0005720955,2310.155557960382,221219.42255437997,2222.690873838236,112564.06475390473,4559.7385817307695,1207009.9526391227,0.12505634014423078,0.0011324025470124193,-0.00059520133,0.005070039,-35.970512850017506,122.96037111779934,123.046875,-96.94028,365.0378,98.35542,199.22939,-21.555416,289.48392,40.19275,129.67923,-4.778301,61.53968,2.765839,59.470604,-1.6997179,121.13751,10.537624,85.17025,-3.4663646,72.01037,13.3667345,75.41077,-14.122387,29.942799,12.620894,27.34295,-8.367999,32.53196,6.306252,43.2148,-1.7576355,25.646082,0.6836039,37.152073,-5.0066566,61.71437,7.4025083,23.578165,-12.276012,37.151855,1.5889963,27.077934
31,Alice - Per Elisa.mp3,Alice - Per Elisa.mp3.31,documents/Alice_-_Per_Elisa.mp3,147.75383786848073,66150,0.35468638,0.090099685,0.08433043,0.0011526888,2103.8075222853076,222548.65149278735,2378.603510762128,116051.74112376852,4660.696176382212,1540263.7589586203,0.08833383413461539,0.0011499347912489308,-0.0008476073,0.0041924287,-40.444762073536225,146.62745866635274,99.38401442307692,-138.87956,2124.9727,103.56384,305.36465,-4.594115,367.2493,26.141855,82.59566,-2.6096714,66.099075,14.361664,39.4473,-1.6199219,163.02605,8.426653,43.245426,-10.317736,29.538183,11.29237,110.429634,-9.087009,83.28376,3.8458018,77.02344,-12.833447,38.2277,1.2230738,22.659996,-2.828646,35.72225,2.0523016,53.37068,-9.0085125,30.937443,1.839096,34.78355,-13.27521,36.437904,0.45296118,49.207146
32,Alice - Per Elisa.mp3,Alice - Per Elisa.mp3.32,documents/Alice_-_Per_Elisa.mp3,150.75383786848073,66150,0.25469244,0.09423544,0.05470099,0.0003790735,2072.0709287482905,535618.5987448702,2496.8160751393684,179464.5641827526,4801.573016826923,2854986.408278928,0.07025615985576923,0.0011725522357331224,-0.0016761086,0.0026226055,-43.28950552602757,179.29449636403135,99.38401442307692,-222.63037,1646.7488,96.52147,554.76526,9.380205,188.97284,20.660652,109.164955,-4.698723,95.944466,14.20569,30.961391,-5.131989,49.89199,12.217723,90.87559,-8.467931,41.27881,1.7480831,45.06646,-18.09716,83.70449,-6.675793,99.558624,-11.509088,72.514366,-1.9099698,51.449512,-6.718105,61.453674,-3.2749555,62.01413,-12.83594,39.158813,-1.3918691,56.064632,-16.457096,62.849762,-3.1066961,77.79839
33,Alice - Per Elisa.mp3,Alice - Per Elisa.mp3.33,documents/Alice_-_Per_Elisa.mp3,153.75383786848073,66150,0.31267124,0.09438723,0.07615704,0.00044089905,1750.614157448675,229031.55261332795,2485.9285088131846,148227.33992534984,4437.413423978365,2397405.256822582,0.049132361778846154,0.00028295247512456236,-0.00036476768,0.0035372265,-41.07179066015617,119.86473250591833,103.359375,-202.18785,1532.0952,104.78057,354.115,28.452415,115.41591,36.45276,41.193153,4.6281443,30.637741,19.58362,34.973526,3.017977,38.974655,19.126757,35.550278,-0.027922058,25.227194,9.613983,23.042786,-13.126436,17.847548,-1.7552149,28.740486,-8.027625,27.912636,1.4858477,20.590027,-2.7045991,27.379602,4.095094,30.321037,-4.097833,32.433075,4.609424,34.1332,-13.34525,35.89375,-1.851769,42.69811
34,Alice - Per Elisa.mp3,Alice - Per Elisa.mp3.34,documents/Alice_-_Per_Elisa.mp3,156.75383786848073,66150,0.42593226,0.07758147,0.080465876,0.0003642904,1621.617470221463,89163.66574764173,2072.6901967589583,68537.76238211333,3529.1263521634614,643966.0580431923,0.052490234375,0.00025266592319195084,-0.00052902737,0.0042500603,-41.22435307195701,105.03899088736068,143.5546875,-160.43242,1122.6906,118.7229,202.72456,-6.874733,149.76884,39.217216,32.338394,2.5622926,42.610973,7.283451,39.61429,-2.8348465,25.07395,17.705683,30.121958,0.052223675,40.980957,9.818874,25.602472,-2.1093485,22.70959,9.419094,26.612434,-5.385342,18.42095,0.5660412,18.673925,-8.210466,13.570275,-0.45720616,20.741552,-8.125028,17.166077,8.286427,25.792345,-6.819373,19.485886,0.13242818,25.89369
35,Alice - Per Elisa.mp3,Alice - Per Elisa.mp3.35,documents/Alice_-_Per_Elisa.mp3,159.75383786848073,66150,0.41807723,0.07761529,0.08028659,0.00070651533,1884.6930506846134,125921.70109965911,2330.086052096537,74802.76752474224,4323.9500075120195,1042987.5767184785,0.06818659855769231,0.00034097840800087834,-0.00063620263,0.0033389337,-38.577846436521675,98.90863989644373,103.359375,-149.80057,355.21585,106.31641,254.76872,3.489901,89.12655,37.19572,49.507935,1.65337,33.018707,14.536014,73.572495,-3.5374074,38.27531,11.987768,23.711052,-6.1911283,26.833586,5.420536,27.537024,-8.430069,22.147953,7.127696,19.128414,-6.092333,38.270924,4.65638,33.034077,-7.770973,25.800268,3.1862285,17.800762,-7.1512346,17.881176,4.4597607,22.176878,-12.189991,17.385824,0.4461596,17.377016
=======
0,Abba_-_One_Of_Us.mp3,Abba_-_One_Of_Us.mp3.0,documents/Abba_-_One_Of_Us_w0eNUKk.mp3,59.49321428571429,66150,0.3625159,0.08945612,0.05521208,0.0010715426,2017.1601601875373,688815.1751551764,2347.994954728072,336790.46337701846,4496.795372596154,3824033.473579277,0.08129131610576923,0.001328249104629607,-0.00010613719,0.0010266561,-42.941590910110015,173.8630037863396,161.4990234375,-219.83191,5594.6377,113.49594,1496.2299,16.534277,237.01767,29.701939,254.74501,-12.205929,153.24612,2.950261,170.49623,2.208281,118.113655,1.1779366,122.44975,-11.087125,62.001804,9.954355,72.299355,-7.680018,66.13414,7.020595,31.977148,-10.70619,36.635986,3.3048828,57.66205,-9.591365,48.432003,-2.3808484,37.910522,-2.889537,40.388943,5.0320406,43.057587,-6.1672134,31.4611,2.4484239,34.13376
1,Abba_-_One_Of_Us.mp3,Abba_-_One_Of_Us.mp3.1,documents/Abba_-_One_Of_Us_w0eNUKk.mp3,62.49321428571429,66150,0.36317372,0.09394275,0.052576438,0.000875471,2060.7915126226712,1262753.2560974536,2301.741768165446,386712.64257072064,4353.268291766827,4830799.4198467955,0.10109675480769231,0.007647422135934321,-4.9963703e-05,0.0008996246,-42.887783682660036,182.2348088870078,172.265625,-226.46352,4377.3066,115.64777,1412.2721,16.043306,656.6989,23.312696,275.17722,-8.420579,140.11028,5.9505773,147.74754,3.9851122,190.8536,-0.3764023,107.197105,-10.750105,56.524323,12.051996,56.34313,-5.920615,99.535065,6.1491904,51.681107,-14.065659,43.897987,2.7176836,41.42099,-10.637064,48.18141,-1.3835593,31.820189,-8.565669,13.704576,-1.1820819,79.44347,-4.6324987,44.538715,9.719988,33.810646
2,Abba_-_One_Of_Us.mp3,Abba_-_One_Of_Us.mp3.2,documents/Abba_-_One_Of_Us_w0eNUKk.mp3,65.49321428571429,66150,0.35971445,0.08444805,0.062455058,0.00071934,2200.0766750856296,807228.9652298535,2554.3616496962163,359013.60011941346,5042.496431790865,4554301.172097936,0.08554311899038461,0.0013529744373976128,-3.1565927e-05,0.0019557346,-40.93479264165385,168.80774920153834,161.4990234375,-197.34949,3404.0227,107.55449,1111.2089,23.124628,344.78955,32.311306,192.39528,-0.09006535,97.317825,7.9343104,162.89375,4.3619037,125.71604,7.5375667,81.09819,-5.742042,44.74719,11.85354,43.387062,-12.108036,62.62222,5.125499,53.773594,-17.068987,41.86923,6.3611674,37.30569,-5.9915876,51.60463,1.0487068,48.409286,-5.4471784,39.680656,-0.2509291,43.738884,-9.93886,26.174204,6.550989,50.397854
3,Abba_-_One_Of_Us.mp3,Abba_-_One_Of_Us.mp3.3,documents/Abba_-_One_Of_Us_w0eNUKk.mp3,68.49321428571429,66150,0.32867485,0.08232533,0.082056515,0.0005742439,2704.9383258571743,592478.7484287323,2456.759284531405,131633.2057664132,5288.306227463942,1703949.2200747395,0.155908203125,0.005341631265786979,-6.834865e-05,0.0037158371,-37.28673633995003,152.82667618078395,161.4990234375,-126.004105,2774.6003,84.68829,540.21155,-6.237133,373.9465,26.088142,127.69336,-18.675789,104.32501,19.116348,51.880634,7.785923,161.64912,-3.9811106,86.762,-2.5608237,50.453854,16.854347,78.36875,-12.2692,50.77419,7.959639,52.247513,-18.32506,49.92171,3.7605917,47.01934,-10.257456,60.511307,3.7919524,58.78247,-6.3800855,56.06452,3.071531,41.935314,-3.961584,72.12791,17.26109,209.82216
4,Abba_-_One_Of_Us.mp3,Abba_-_One_Of_Us.mp3.4,documents/Abba_-_One_Of_Us_w0eNUKk.mp3,71.49321428571429,66150,0.3877785,0.077591226,0.07494859,0.0010190336,3008.834058654472,617381.847928714,2511.544798348759,133452.2150275788,5739.344012920673,1821059.7333558565,0.19898963341346154,0.00678949792004196,-0.00016596289,0.0019882997,-37.1424794505666,144.48871073496926,161.4990234375,-111.60268,1716.1836,70.54041,474.92776,-20.300095,543.97675,21.296146,286.5327,-14.738592,131.68962,13.128873,176.28912,-0.5381412,103.1791,0.13631193,139.83507,-0.70075214,55.965237,12.375049,32.34684,-13.934326,29.055304,2.4973192,23.51831,-16.198978,37.500366,8.6340885,25.895288,-6.834606,46.748493,8.232525,42.60875,-1.5231361,29.765509,6.1176805,33.16874,-3.4344711,53.399796,7.623696,52.904705
5,Abba_-_One_Of_Us.mp3,Abba_-_One_Of_Us.mp3.5,documents/Abba_-_One_Of_Us_w0eNUKk.mp3,74.49321428571429,66150,0.33374044,0.08877458,0.074225776,0.00083154417,2579.1341854653724,162465.8454507866,2435.0337303728606,96972.79902446854,5208.302095853365,972550.8654054451,0.13443509615384616,0.0011913417500151685,-0.00010369967,0.0026768162,-38.634743995792434,128.92860803782256,161.4990234375,-131.35962,2320.5923,81.86788,283.23965,-13.819317,410.50922,35.063133,119.36848,-9.080407,120.89788,10.069772,189.6527,2.3029258,98.20414,2.3575525,55.4932,-6.01466,59.869022,10.035361,51.286987,-10.736785,39.9172,4.154422,27.304192,-19.877697,61.89602,4.1428704,24.861515,-9.351677,61.29783,1.4226797,31.352907,-5.7214365,61.761787,9.159576,38.889465,5.4131017,85.62155,14.939242,40.87794
6,Abba_-_One_Of_Us.mp3,Abba_-_One_Of_Us.mp3.6,documents/Abba_-_One_Of_Us_w0eNUKk.mp3,77.49321428571429,66150,0.4458669,0.073990576,0.06249897,0.0005432995,2540.7353349423092,238540.183400914,2347.3543996467192,131032.50197125407,5115.957782451923,1243030.4726833422,0.14695763221153846,0.0013700189534023668,-9.3466115e-05,0.0017663267,-38.43718304785546,113.52811724812692,161.4990234375,-146.79153,2177.3193,84.263405,375.64322,-14.515112,327.611,48.377872,142.08702,-1.477843,70.32875,6.034136,107.08162,-0.52549034,39.87548,12.560823,42.63718,-3.925025,33.784096,4.65026,30.660374,-14.897299,34.98368,8.294806,34.31487,-13.232722,32.698948,9.914145,30.413673,-6.5026913,13.092942,-2.0107908,35.81206,-10.366506,28.984411,-6.686694,37.318275,-8.350079,22.069908,13.452849,33.033287
7,Abba_-_One_Of_Us.mp3,Abba_-_One_Of_Us.mp3.7,documents/Abba_-_One_Of_Us_w0eNUKk.mp3,80.49321428571429,66150,0.38773435,0.08465238,0.0649569,0.00092129846,2852.61802019554,738024.5393801698,2598.045798408009,236673.74229426618,5749.365234375,2905416.941670271,0.16027268629807692,0.005444005099979378,-8.28339e-05,0.0016972935,-38.85773485146529,128.92318220058868,161.4990234375,-145.94868,3340.4946,77.20841,607.11914,-2.4774704,628.7209,36.09197,219.62338,-4.1256585,179.51643,5.142559,144.22485,-5.5951157,49.695923,9.975775,51.261494,-3.8501422,60.891186,8.77557,33.532543,-14.205405,54.690098,4.2405095,51.560726,-14.107431,49.412888,4.969843,30.724947,-7.7234073,44.518593,3.8818872,59.095016,-3.904727,73.6604,4.4194584,48.88391,-6.059823,44.7411,6.7361155,45.855217
8,Abba_-_One_Of_Us.mp3,Abba_-_One_Of_Us.mp3.8,documents/Abba_-_One_Of_Us_w0eNUKk.mp3,83.49321428571429,66150,0.35417286,0.08430345,0.0670219,0.0008198546,2836.6818382482247,335936.855399542,2432.7080194765867,94113.69219205431,5415.020845853365,1288078.9637227384,0.1662823016826923,0.0029587272920552085,-0.0001646034,0.0021017822,-37.71847603804392,140.3338995800756,161.4990234375,-135.30486,1741.6421,70.80126,441.88745,-17.30393,385.9045,40.95108,110.26113,-7.2975316,71.117386,-0.80212307,193.72215,-6.669244,35.519367,5.5943193,55.619774,-6.7193546,62.849503,4.2016144,30.869947,-13.417604,35.013306,12.759944,33.42406,-11.977048,72.07239,2.6060247,21.496248,-17.4814,66.685585,-4.653257,54.98336,-5.5468984,35.291637,8.228619,30.028866,1.6997712,41.8403,17.66131,34.330177
9,Abba_-_One_Of_Us.mp3,Abba_-_One_Of_Us.mp3.9,documents/Abba_-_One_Of_Us_w0eNUKk.mp3,86.49321428571429,66150,0.3789021,0.08167194,0.07838436,0.0007090637,3139.8673389191677,662407.7819895096,2633.806391077042,130754.49280964634,6023.168194110577,2033570.431947144,0.19703650841346154,0.008153431923431757,-0.00017277735,0.0026269383,-35.11232437280437,132.79024875467556,161.4990234375,-103.81675,1182.1984,66.22614,405.2339,-10.523104,551.87415,27.79501,245.71286,-10.385627,123.191154,5.204496,144.05344,-6.9187846,70.26115,3.76136,86.3321,-5.000094,104.58966,11.807183,61.55875,-14.18347,46.313335,3.1631064,43.113285,-15.839757,33.67996,2.496692,28.166742,-10.8057575,26.35028,4.2955313,59.808346,-5.901634,53.688385,6.2806706,34.749016,-5.5642023,48.83403,11.201811,49.023926
10,Abba_-_One_Of_Us.mp3,Abba_-_One_Of_Us.mp3.10,documents/Abba_-_One_Of_Us_w0eNUKk.mp3,89.49321428571429,66150,0.44808975,0.07248647,0.089241296,0.0004914536,2937.487564306246,62074.464366334745,2301.6487449366628,62780.24106683589,5126.144643930288,575030.6578657683,0.2158466045673077,0.0006890088284509421,-0.00020346188,0.0040968237,-36.337403885859004,136.22670317320353,161.4990234375,-97.02096,840.66956,64.56433,168.08582,-27.35116,332.61334,44.405777,126.68301,-13.282557,104.44554,-4.171166,178.89209,3.0449884,52.225586,7.6144276,43.411785,3.5905497,34.381824,10.923375,28.833614,-13.933549,58.18363,5.424577,19.39838,-19.681486,31.056799,6.7554436,21.586136,-6.451519,26.118385,7.8040457,19.23744,-0.57985055,24.84041,1.8869772,28.98974,-5.6236215,32.03701,12.155131,30.927177
11,Abba_-_One_Of_Us.mp3,Abba_-_One_Of_Us.mp3.11,documents/Abba_-_One_Of_Us_w0eNUKk.mp3,92.49321428571429,66150,0.3382008,0.08368917,0.08753338,0.000602735,2894.6699311367274,229536.51067160795,2407.801272421932,144672.42932733524,5502.313138521635,1346263.5242233968,0.17884615384615385,0.0017802312388222599,-0.00031879227,0.0034791497,-36.20706819250836,148.01395502806278,161.4990234375,-98.061195,1003.4121,70.62309,254.54237,-28.097834,636.7368,23.638733,199.6992,-19.886118,144.63976,7.585052,130.84709,1.9274992,80.97611,3.5104675,85.525665,-1.0952203,58.3089,10.296214,72.74025,-16.025074,45.76,1.9019337,37.962635,-19.11108,57.91123,5.9961867,54.5765,-6.765421,42.083023,10.602168,44.996593,-0.8511792,37.943474,4.7158966,41.773117,-5.2698083,53.35365,6.0147347,52.97099
12,Abba_-_One_Of_Us.mp3,Abba_-_One_Of_Us.mp3.12,documents/Abba_-_One_Of_Us_w0eNUKk.mp3,95.49321428571429,66150,0.35674533,0.078530036,0.076182716,0.00078327453,2864.9863778332774,522348.2249287689,2523.859355830772,133800.22845409717,5619.917555588942,1666136.210931864,0.17881234975961538,0.004424882654607648,-0.00018497049,0.0023037393,-38.91298435824624,132.18308250563737,161.4990234375,-116.67542,1529.2827,75.32371,361.57852,-11.914147,563.9763,26.332556,295.83655,-15.461767,186.23978,12.511116,117.98235,2.6634347,112.10951,2.3638365,174.85088,-0.5781369,75.639854,13.585399,42.50218,-10.739296,41.836285,2.375147,32.9185,-20.684277,25.575098,5.426806,50.658215,-4.980231,35.80733,9.423193,50.6282,-3.8224895,43.815865,3.0124269,40.02811,-3.77739,97.95985,10.460819,66.63723
13,Abba_-_One_Of_Us.mp3,Abba_-_One_Of_Us.mp3.13,documents/Abba_-_One_Of_Us_w0eNUKk.mp3,98.49321428571429,66150,0.33053455,0.090449326,0.07156472,0.00081964326,2610.006940635848,186694.69533297105,2452.9637701978586,99783.51561933247,5311.495830829327,1059772.5585551306,0.14150015024038462,0.0009066093743905514,-0.0002194344,0.002412717,-39.93757281603323,132.24469679867707,161.4990234375,-134.82874,1791.9055,81.86244,393.49695,-12.320324,343.62506,31.241365,172.45988,-14.099522,140.7544,7.317664,152.18018,0.89016443,99.75936,3.1652305,63.5814,-10.411643,29.801785,6.590536,26.613756,-9.125103,32.240986,3.6729522,29.885187,-17.228256,98.619484,7.3800397,27.15136,-7.7166486,37.21266,1.3708888,33.952633,-8.309526,73.634155,2.7169163,60.471745,-2.1687708,95.06916,14.484337,37.24925
14,Abba_-_One_Of_Us.mp3,Abba_-_One_Of_Us.mp3.14,documents/Abba_-_One_Of_Us_w0eNUKk.mp3,101.49321428571429,66150,0.37375262,0.083474964,0.068333685,0.0006620818,2595.4593860318473,136843.22887633805,2530.3326087082783,63912.3143059077,5530.471942608173,727097.2601761128,0.1369403545673077,0.0006105903901997402,-0.00016374214,0.0021826746,-38.28440496173463,105.71509560529414,161.4990234375,-131.39279,1595.5911,82.79669,212.39285,-7.8988094,216.883,32.0719,68.870026,-9.378953,94.75798,21.944723,48.281086,1.1268017,53.04265,9.617154,50.98532,-8.354326,30.573505,7.685128,29.310333,-16.125608,26.791079,5.452879,21.866339,-8.699457,29.731737,11.91481,30.189121,-5.5381966,28.855326,6.119716,44.686417,-12.800062,23.947886,-5.859974,36.446686,-11.816209,26.304325,6.648888,39.266006
15,Abba_-_One_Of_Us.mp3,Abba_-_One_Of_Us.mp3.15,documents/Abba_-_One_Of_Us_w0eNUKk.mp3,104.49321428571429,66150,0.40258986,0.07838099,0.07540743,0.00071274134,2937.8548949840147,378973.4137959938,2575.970866898775,155915.47636167437,5745.472693810096,1604837.0456054013,0.18304537259615383,0.003806781825229261,-0.000121036974,0.0020547172,-37.70420399400707,127.66074212145554,161.4990234375,-112.15927,1946.6737,73.11984,199.4743,-13.562958,629.46594,27.455976,167.05739,-9.796288,202.73326,13.768395,87.667274,2.089446,59.30993,4.8507066,110.45075,-1.3541604,53.60764,12.737892,51.291023,-15.358524,35.546085,1.2349818,44.410965,-17.17438,50.870937,7.6312246,47.384014,-4.566657,69.40598,9.049923,53.01888,-6.6400423,32.624264,-0.8467384,100.758835,-11.1362,96.412094,8.788787,38.450745
16,Abba_-_One_Of_Us.mp3,Abba_-_One_Of_Us.mp3.16,documents/Abba_-_One_Of_Us_w0eNUKk.mp3,107.49321428571429,66150,0.42378432,0.0749589,0.07649887,0.00076119526,3081.3660055866494,483452.2299005331,2625.3504427625153,114017.49172186032,6118.494027944712,1423210.8900110044,0.1879206730769231,0.00446735438510511,-0.00013742427,0.0020469674,-37.04652021576126,116.56176205259341,161.4990234375,-101.555,1319.8677,69.015,618.7247,-3.6682827,264.07605,32.525406,186.5751,-15.700847,165.85538,9.572882,97.132484,-4.2592616,66.73761,8.310734,36.21187,-8.61395,16.664248,6.384506,31.204935,-13.198537,30.293194,5.618322,40.48804,-14.7851095,37.555756,5.223099,49.489204,-7.5863523,35.912792,5.061051,21.553495,-6.214742,20.113926,6.971475,26.2807,-8.638573,22.224165,4.839222,22.497047
17,Abba_-_One_Of_Us.mp3,Abba_-_One_Of_Us.mp3.17,documents/Abba_-_One_Of_Us_w0eNUKk.mp3,110.49321428571429,66150,0.4547728,0.07778173,0.060850497,0.0004406157,2693.0166097909873,314828.493499551,2513.4888169486,87421.37438125574,5505.625939002404,1258574.1739273425,0.14953049879807692,0.002291950093218561,-0.00013746311,0.0013577639,-37.20225563303384,117.24859074343904,161.4990234375,-125.01894,1398.7399,83.864845,394.6416,-11.020378,265.89572,31.581236,97.20769,-13.479157,62.728638,4.2846236,78.974686,-9.708923,47.49604,5.7280197,30.932497,-7.204608,80.20906,6.9353695,50.790154,-13.897277,23.515121,7.048896,26.27325,-10.979364,32.43567,7.7644286,36.65519,-6.89959,26.438446,2.1632962,36.497345,-8.630204,37.427097,2.4641936,23.408556,-11.657498,26.54482,4.755466,31.382961
18,Abba_-_One_Of_Us.mp3,Abba_-_One_Of_Us.mp3.18,documents/Abba_-_One_Of_Us_w0eNUKk.mp3,113.49321428571429,66150,0.32532778,0.0880213,0.0777951,0.0004550817,2525.358234162381,77935.0191532112,2268.714830048409,57038.441448072954,4903.855731670673,435640.8703344461,0.13939302884615384,0.0005735551958253397,-0.000220013,0.0041148444,-39.11045447154289,215.13956303028215,172.265625,-124.26729,1954.6141,85.84652,146.35614,-24.050863,214.67769,30.691034,32.34396,-20.9732,51.87362,20.45868,42.615013,7.417328,103.20909,-3.048487,81.24911,-1.8164088,44.48777,15.214793,25.900248,-9.829217,34.986298,11.526381,27.704884,-11.616348,28.777855,3.7434876,31.204285,-16.947409,20.889153,-1.487061,15.408527,-8.234713,24.918396,4.254544,24.082329,5.8688197,38.74409,19.822054,39.307766
19,Abba_-_One_Of_Us.mp3,Abba_-_One_Of_Us.mp3.19,documents/Abba_-_One_Of_Us_w0eNUKk.mp3,116.49321428571429,66150,0.37194207,0.09961232,0.0536069,0.0009993985,2715.4871723764454,1814007.737906041,2593.863848826622,323575.90725219145,5599.461012620192,5057745.647839541,0.1325007512019231,0.01398597131819415,-0.000231328,0.0009834964,-45.10198973856932,182.36448665971778,161.4990234375,-214.56613,5933.7344,85.02387,1558.8204,14.864876,584.8973,23.343569,430.00397,-4.303446,174.16815,15.584392,164.66289,1.7772439,80.3903,9.725994,69.54254,-4.588836,49.46447,8.070052,38.40467,-12.019823,45.95755,2.7020977,25.2508,-7.5736947,30.153385,2.528491,36.32425,-15.15765,52.49552,-1.5741838,32.376354,-8.824705,52.83166,12.374339,57.73557,8.267567,119.61553,14.560357,75.54712
20,Abba_-_One_Of_Us.mp3,Abba_-_One_Of_Us.mp3.20,documents/Abba_-_One_Of_Us_w0eNUKk.mp3,119.49321428571429,66150,0.3063327,0.09498645,0.06518555,0.0007678533,2716.1540772079084,1624686.1934432148,2536.4047234622244,284808.7602531783,5480.448655348558,4188586.5342292916,0.14565054086538462,0.013730303860275,-9.038199e-05,0.0022313665,-42.92863214328978,191.7451382842012,161.4990234375,-191.84901,4259.2886,84.9262,1512.8485,13.967637,940.5311,29.508816,311.12573,-4.0637927,137.5026,1.640389,166.35358,-2.004406,69.94827,2.348624,124.38917,-4.2337594,73.47743,9.59677,78.6799,-18.263334,65.10956,1.8215925,52.08251,-15.197744,55.91195,1.7763779,62.46259,-14.276549,31.48996,7.835975,131.49825,2.7464418,95.06543,12.336053,38.971073,1.4273008,87.04753,7.624187,140.22675
21,Abba_-_One_Of_Us.mp3,Abba_-_One_Of_Us.mp3.21,documents/Abba_-_One_Of_Us_w0eNUKk.mp3,122.49321428571429,66150,0.33202147,0.088266306,0.05679153,0.0008154292,2300.8768590549616,462576.23561867856,2496.9984258381164,154059.69890940894,4978.890662560096,2335231.082888785,0.09436974158653846,0.0012313835014252975,-0.00015055457,0.0012701134,-41.72497438819783,179.87866190660395,161.4990234375,-190.50252,3238.7163,97.55377,720.4793,3.2167604,304.87338,24.745571,222.46484,-8.385091,127.46883,4.6654544,215.6641,1.2294837,66.79041,-2.9271817,99.99479,-10.729767,65.542656,7.5598097,46.664852,-15.271706,65.40702,4.2238207,57.673103,-13.418499,56.48337,1.7809956,34.729706,-12.581973,63.130665,-3.2586708,53.132977,-5.828374,49.231953,10.992364,51.371216,-2.4066231,141.27553,10.815901,69.6253
22,Abba_-_One_Of_Us.mp3,Abba_-_One_Of_Us.mp3.22,documents/Abba_-_One_Of_Us_w0eNUKk.mp3,125.49321428571429,66150,0.39102283,0.08858527,0.052933306,0.00090938935,2310.4827392137026,404330.0558057057,2589.696955804159,121489.12363594788,5142.0460862379805,2255452.80690098,0.08912259615384616,0.0008172153156889967,-0.00014620334,0.0009905667,-42.15523745086533,151.49620106336508,161.4990234375,-190.20789,2989.1514,97.62401,526.46594,7.8123856,139.09949,28.729324,162.27945,-0.1715869,67.46071,4.599127,133.18744,-0.041870352,67.44669,3.9916909,62.751072,-12.686345,62.93995,-0.09338238,54.100872,-14.033094,50.299797,5.8280044,41.363155,-12.912123,24.868532,5.1283507,53.70956,-13.225438,51.386395,-3.1654682,45.785503,-6.048756,36.006153,9.027923,34.311653,-5.176918,44.05571,6.8926787,33.673218
23,Abba_-_One_Of_Us.mp3,Abba_-_One_Of_Us.mp3.23,documents/Abba_-_One_Of_Us_w0eNUKk.mp3,128.4932142857143,66150,0.38086298,0.08922154,0.05261281,0.00096081704,2591.010315689507,1397143.5119292713,2591.6292276010786,202878.06779143822,5477.632774939904,3594849.954043938,0.12197641225961539,0.011026030673077825,-0.00015155975,0.0008553536,-45.064481103886784,171.30514030032975,161.4990234375,-204.99133,4761.203,88.14381,1293.833,14.029838,555.3453,25.221525,270.0573,-4.583498,204.82693,12.725686,186.08232,-3.7429655,104.448044,5.071413,101.539276,-7.425676,64.9646,8.00695,61.268105,-13.347506,54.393814,2.311131,27.332966,-10.30724,54.44431,1.90225,39.188843,-14.751381,79.426704,2.021181,61.677067,-6.446397,29.916143,8.057313,37.963272,-0.93966895,69.0212,7.6418223,85.61417
24,Abba_-_One_Of_Us.mp3,Abba_-_One_Of_Us.mp3.24,documents/Abba_-_One_Of_Us_w0eNUKk.mp3,131.4932142857143,66150,0.3612802,0.092767276,0.050470877,0.0007561134,2845.3381637291577,1836248.4343955196,2712.301782484444,281764.3157478925,5944.1579026442305,4286114.209738568,0.14229642427884615,0.012813281519173164,-0.00013805919,0.00089044584,-44.97117535119021,180.33582871998345,161.4990234375,-214.54851,4843.9727,84.05211,1288.774,22.63741,1084.2089,25.145645,297.3411,-2.397156,131.7099,8.489795,194.46172,-3.8166852,98.27689,3.7646997,184.5085,-8.924863,43.961052,6.5572786,69.654,-15.339879,90.22407,5.434549,53.457264,-12.118534,58.180023,2.4483929,29.264603,-16.740374,34.32867,-2.2338424,49.06423,-7.310898,69.1157,10.060142,50.62129,0.9217102,84.12156,12.98299,58.81775
25,Abba_-_One_Of_Us.mp3,Abba_-_One_Of_Us.mp3.25,documents/Abba_-_One_Of_Us_w0eNUKk.mp3,134.4932142857143,66150,0.28228474,0.085849315,0.06674242,0.00061683275,2296.642521896175,316457.0614848896,2280.5106093730205,171685.18539848883,4653.573655348558,1642909.1112913114,0.11988807091346154,0.0017598489191405164,-0.0001235329,0.0028002851,-40.35517102428338,183.50007124981778,161.4990234375,-189.52852,3675.4253,93.43403,677.1448,-0.5701012,466.4107,50.559563,220.60744,-3.7021737,79.48769,-6.289822,188.2623,2.6412246,95.45161,2.3725896,73.01519,-4.382185,90.00119,3.8941538,32.765446,-12.331308,41.003574,9.944187,39.567333,-20.813112,117.40811,2.3778143,49.351547,-12.113175,67.25515,2.527293,82.700165,6.0242124,181.3905,8.9516735,66.738495,2.987583,110.13543,10.607313,72.441605
26,Abba_-_One_Of_Us.mp3,Abba_-_One_Of_Us.mp3.26,documents/Abba_-_One_Of_Us_w0eNUKk.mp3,137.4932142857143,66150,0.3403984,0.09408982,0.05715112,0.0009313033,2589.120769667023,1438118.7866783517,2506.5752501500683,272897.1305167463,5310.1707106370195,3909074.2094213795,0.12706956129807692,0.008985188571659067,-0.00024796004,0.0010405628,-43.44284192689102,176.44459819101007,161.4990234375,-196.93976,4854.399,93.729866,1326.9526,11.045578,615.1157,20.087141,290.17993,-16.81253,208.49901,3.7680979,171.96133,1.7062373,132.37187,3.427548,79.94803,-8.514328,68.25687,14.910911,63.57271,-10.525329,64.40425,4.8664985,37.37522,-11.9397545,48.65548,2.8748698,42.327763,-13.4042,52.93463,0.2663495,39.017986,-4.2399845,59.24039,4.0236363,41.26192,-8.555327,71.98503,1.7758334,76.22443
27,Abba_-_One_Of_Us.mp3,Abba_-_One_Of_Us.mp3.27,documents/Abba_-_One_Of_Us_w0eNUKk.mp3,140.4932142857143,66150,0.3622956,0.09262839,0.054100867,0.0006684355,2036.166583328208,1452351.2850097083,2300.51663743387,427772.5496628535,4335.213529146635,4877838.430631267,0.10207331730769231,0.011022068396122499,-0.0001081103,0.0010409292,-40.960291968583356,176.74479670144567,161.4990234375,-229.62875,4347.8525,119.42644,1635.8916,20.543419,603.5471,23.51325,293.84863,-9.475206,171.19765,4.620179,133.7938,7.258698,205.8901,1.7425072,126.1802,-6.6104846,63.709225,10.662233,49.218876,-7.657542,69.911316,4.760929,32.155212,-12.843898,81.35326,4.895029,35.27092,-10.457622,55.403435,-0.12865572,45.439964,-8.450535,18.444746,0.3031744,76.85747,-7.6883793,41.884922,5.513171,60.459206
28,Abba_-_One_Of_Us.mp3,Abba_-_One_Of_Us.mp3.28,documents/Abba_-_One_Of_Us_w0eNUKk.mp3,143.4932142857143,66150,0.3782949,0.085003674,0.05914105,0.0006969797,2097.5241541009873,1050214.7673008887,2390.0973472510095,404929.08845039346,4548.475060096154,5263418.489714346,0.08244816706730769,0.0024398294285204285,-5.166742e-05,0.0015237305,-44.011459114729874,165.07161616443744,161.4990234375,-201.75258,4677.9565,113.49551,2014.4263,20.43854,305.42993,29.324673,135.97266,-3.0742052,92.745705,12.128377,95.84162,3.9855986,129.3867,7.5829425,70.28931,-3.6457117,35.278233,9.8598585,47.26328,-9.859144,77.38116,1.5702511,33.26235,-14.642197,50.085697,4.0020123,55.76255,-6.2943716,32.886345,1.28158,35.83329,-7.9287825,38.719193,2.189096,31.751635,-6.0937047,35.079163,6.8536944,38.85707
29,Abba_-_One_Of_Us.mp3,Abba_-_One_Of_Us.mp3.29,documents/Abba_-_One_Of_Us_w0eNUKk.mp3,146.4932142857143,66150,0.33398676,0.084102444,0.07378628,0.0006511133,2488.9263467048945,354603.19516859285,2443.111007190323,156094.7430318166,5102.789400540865,1574871.4578180271,0.1305476262019231,0.002311013309207894,-0.00010283304,0.002890417,-37.342247805236624,156.56310474507782,161.4990234375,-150.70326,3261.5703,94.23878,585.8186,-1.7178485,618.3078,29.365316,95.133125,-14.007551,115.386765,15.628662,64.0715,7.098506,160.71797,-3.2738373,145.10187,-4.7326713,86.51431,17.609255,79.96741,-16.63353,71.84904,7.343367,72.40546,-16.565565,56.400436,7.0086594,40.854057,-10.273442,56.060818,1.0435061,83.38191,-6.4883723,30.712847,2.189292,31.83967,-4.7818294,53.930237,15.28734,237.94778
30,Abba_-_One_Of_Us.mp3,Abba_-_One_Of_Us.mp3.30,documents/Abba_-_One_Of_Us_w0eNUKk.mp3,149.4932142857143,66150,0.36063007,0.07993517,0.08768296,0.00085996126,2873.0292677131956,324826.93354066013,2475.7546098337257,154875.7948162016,5577.927809495192,1425005.6494897641,0.17797475961538461,0.0024340748645850186,-0.000109627625,0.0032999818,-37.69961727677177,126.0868769917425,161.4990234375,-99.90726,1552.3256,73.61061,304.21115,-18.058891,683.49146,28.67389,153.71075,-12.171103,156.21545,18.5306,100.820145,0.6889479,80.2063,1.2626101,130.85931,3.5704808,71.44003,15.829188,51.092293,-14.174463,41.416584,0.23529316,26.464464,-18.180975,35.272762,7.5621095,25.665863,-7.1558704,40.436832,9.69601,38.321724,-1.6065795,39.888897,5.507946,42.911602,-2.8603082,58.356274,6.3182197,52.03596
31,Abba_-_One_Of_Us.mp3,Abba_-_One_Of_Us.mp3.31,documents/Abba_-_One_Of_Us_w0eNUKk.mp3,152.4932142857143,66150,0.3521197,0.083238415,0.075441055,0.00077962107,2941.3013564091557,581122.0821695365,2542.0449638190735,163300.8235216821,5725.844350961538,1898051.1006188816,0.1798790564903846,0.00531735602215197,-0.00016413255,0.0023264263,-39.3539910306286,130.9446442353862,161.4990234375,-117.97923,1955.0172,72.843704,430.10648,-11.784127,483.56616,30.217432,264.36954,-9.281535,153.02948,11.879179,187.91881,-0.17165269,96.786255,1.0853817,80.77218,-2.7743802,59.294968,11.950947,42.574787,-12.61924,39.614067,4.158762,24.406693,-18.713745,42.744465,6.449051,26.718018,-8.662732,59.516727,3.0987625,38.131927,-4.5047164,56.726196,8.185189,42.904175,6.474892,81.23475,14.53617,53.54886
32,Abba_-_One_Of_Us.mp3,Abba_-_One_Of_Us.mp3.32,documents/Abba_-_One_Of_Us_w0eNUKk.mp3,155.4932142857143,66150,0.41867426,0.08098556,0.06388109,0.0004959118,2581.252228717839,223233.26620322667,2371.384638807847,128473.41221966811,5180.226111778846,1197034.6295352518,0.14351337139423076,0.001476878513245893,-0.00011397547,0.0018607805,-37.86708198926317,120.44784268279595,161.4990234375,-142.69965,1923.138,83.26501,374.2857,-14.821874,308.7142,46.262936,161.39711,-3.7003403,65.55243,4.8942947,101.33231,-0.8688792,40.45048,10.244141,46.55254,-7.279896,50.974197,3.1330376,21.617758,-15.611889,31.995102,8.627984,36.17956,-14.025883,48.10671,9.266566,41.86817,-7.6125345,22.358519,-2.7940733,34.359585,-10.391244,33.13447,-3.7775507,65.286446,-7.0670495,32.478477,13.794175,30.264465
33,Abba_-_One_Of_Us.mp3,Abba_-_One_Of_Us.mp3.33,documents/Abba_-_One_Of_Us_w0eNUKk.mp3,158.4932142857143,66150,0.39032322,0.07919799,0.061062444,0.00096674025,2686.102227904524,533861.9360724699,2546.9731863153006,154117.91781768622,5514.322040264423,1996547.8168830364,0.14588716947115385,0.0035561204520908334,-9.4921284e-05,0.001420765,-37.24538203026715,124.6219529912695,161.4990234375,-153.6481,3879.8496,80.92676,389.7115,-5.4181337,339.29523,38.65073,186.07724,-0.90698826,139.67522,7.289199,142.42183,-4.1910586,62.674038,11.507394,44.67544,-1.684542,56.63715,9.594824,28.634306,-14.124872,51.504353,3.6108136,22.705156,-12.546154,49.949413,5.0862904,33.706326,-7.7919774,38.808926,4.0467615,34.144497,-5.6991186,66.76935,0.35862473,52.48911,-8.768284,27.80957,6.9011116,41.002655
34,Abba_-_One_Of_Us.mp3,Abba_-_One_Of_Us.mp3.34,documents/Abba_-_One_Of_Us_w0eNUKk.mp3,161.4932142857143,66150,0.36120018,0.0845297,0.0689361,0.00067340344,3002.666740408037,328067.2723595524,2506.9383351914103,111815.85839989119,5583.4767503004805,1275904.5134113033,0.19082782451923078,0.003860285775901298,-0.000113910355,0.0022892798,-36.67031076509804,132.917674459806,161.4990234375,-124.05406,1495.9437,66.436905,202.0548,-12.872484,439.24554,42.606964,161.33325,-7.2422147,54.10969,-0.1570661,140.98885,-6.5017514,32.952606,4.0055,53.22469,-4.249207,50.543686,6.0381927,25.842857,-10.719692,28.64639,14.299476,38.78844,-15.060504,96.63848,2.1274445,30.650946,-16.665936,50.35502,-2.9370203,30.244411,-3.3543987,22.245327,7.629567,18.708508,1.4004165,35.19551,15.389795,45.60296
35,Abba_-_One_Of_Us.mp3,Abba_-_One_Of_Us.mp3.35,documents/Abba_-_One_Of_Us_w0eNUKk.mp3,164.4932142857143,66150,0.35653278,0.07848433,0.072357476,0.0008047946,3092.658069104618,638681.0651946941,2646.5745805684405,103366.77257750413,6034.5973557692305,1753953.0248939637,0.19205228365384616,0.006310474745620638,-0.00015231148,0.0023259816,-36.84460968275576,127.04510157241432,161.4990234375,-114.45271,1414.9308,67.41378,503.8575,-6.7430716,484.9044,29.803421,277.10507,-8.42315,128.4573,6.1350603,102.58442,-8.849243,55.671432,1.6995481,49.642796,-7.9342303,54.60796,10.608376,54.01833,-12.262422,33.25767,7.7362304,45.280476,-12.869114,32.48574,2.221717,25.848614,-12.282195,24.238924,1.7405559,47.371216,-7.735548,49.56178,6.41781,25.713993,-2.3420231,32.002422,12.5164,40.648926
36,Abba_-_One_Of_Us.mp3,Abba_-_One_Of_Us.mp3.36,documents/Abba_-_One_Of_Us_w0eNUKk.mp3,167.4932142857143,66150,0.40701655,0.07465423,0.084851265,0.00044466497,2983.6072776472574,221937.1296019006,2401.5257606880205,86681.9010872269,5356.632737379808,1035759.0362862016,0.21337890625,0.0018738159766564003,-0.00016414668,0.0040946314,-38.49378850144274,136.00682896640703,161.4990234375,-100.25554,807.1892,64.523155,229.74791,-24.36948,373.59158,37.357864,167.9416,-14.258767,151.19276,-4.1676297,175.7189,0.45373613,61.53104,8.308797,51.528492,5.4242396,42.36115,11.319524,31.685608,-16.363277,53.564735,3.500536,23.54093,-19.721504,54.426556,4.6029944,43.52733,-5.1290255,28.303162,8.534091,36.273777,0.5843289,28.12281,3.9524124,25.523895,-8.592138,26.937223,12.198081,24.243992
37,Abba_-_One_Of_Us.mp3,Abba_-_One_Of_Us.mp3.37,documents/Abba_-_One_Of_Us_w0eNUKk.mp3,170.4932142857143,66150,0.38765383,0.07853281,0.08963821,0.00045811292,2918.7147915650653,97752.2369602702,2325.0969846114126,103022.16906780812,5303.379469651442,769151.997830917,0.19580078125,0.0010998872610238882,-0.00023302702,0.0037349113,-37.26590225524884,143.973435479989,161.4990234375,-91.0164,1062.1432,66.756805,204.72166,-32.64602,465.5884,31.126118,163.64563,-18.086048,98.69623,5.8421893,115.508095,0.74396527,67.48072,7.227839,58.082085,0.80052894,43.12631,8.55561,47.44462,-14.977466,36.48836,1.3473079,57.968792,-17.94333,53.96919,7.4577694,28.172052,-7.0025625,36.169308,7.950695,67.52688,-2.3706641,32.465256,4.353958,29.308725,-7.5516434,25.959198,5.6885834,68.3076
38,Abba_-_One_Of_Us.mp3,Abba_-_One_Of_Us.mp3.38,documents/Abba_-_One_Of_Us_w0eNUKk.mp3,173.4932142857143,66150,0.36134642,0.085472114,0.07824506,0.0008791732,2942.138050272489,561924.7954344978,2583.9308833451505,155756.3077813775,5813.550743689904,1976449.5959685752,0.1779109074519231,0.004336162727965407,-0.00019269243,0.0027591516,-39.65492348180515,124.52936248351405,161.4990234375,-113.035934,1336.581,73.87916,376.72955,-10.37504,442.4543,24.910286,227.1061,-12.501205,201.3035,13.939459,101.603546,0.46463108,101.854324,3.0966187,137.19162,-2.0690954,36.732246,14.559462,40.543396,-10.401747,41.77421,1.243331,45.66466,-20.379564,37.982216,5.423034,51.38521,-5.4687276,27.32477,10.21756,43.2499,-3.882452,36.178394,2.7447112,51.45555,-4.656597,50.680145,9.01666,56.448517
>>>>>>> Stashed changes
=======
0,09_sarah_connor_-_1_and_1__2.mp3,09_sarah_connor_-_1_and_1__2.mp3.0,documents/09_sarah_connor_-_1_and_1__2.mp3,75.63666666666667,66150,0.4343197,0.09415346,0.246747,0.008911518,2648.227561875056,980383.681924599,2941.888272931587,99308.26013051646,6414.989670973558,2235833.4304136992,0.08014197716346154,0.0068468254839880215,0.00013518114,0.041555863,-45.08587790276471,129.09934875433336,129.19921875,-89.20229,2110.617,65.094864,859.8067,37.503906,233.23836,46.503532,324.1952,14.125488,137.6157,16.523212,122.00801,-0.29022193,79.58158,4.945388,142.88069,-3.5624347,108.78562,13.231829,90.35769,-11.06432,113.78736,8.163521,62.98188,-3.2929382,76.71756,7.5222025,55.26403,-5.1530533,64.502686,3.8430705,42.523262,-10.229095,60.50672,-0.45438996,44.748596,-7.360763,39.611298,-4.689927,44.888107
1,09_sarah_connor_-_1_and_1__2.mp3,09_sarah_connor_-_1_and_1__2.mp3.1,documents/09_sarah_connor_-_1_and_1__2.mp3,78.63666666666667,66150,0.3918221,0.08768579,0.15106775,0.004758215,2077.9963842058683,702124.323982414,2557.3363528277914,204658.96557284775,4905.594951923077,3170853.705499158,0.06943734975961538,0.005882137357835939,8.3859835e-05,0.024179384,-54.295494301488716,198.23054920863964,129.19921875,-185.24284,6385.8643,64.09311,512.44995,25.506556,218.9847,54.651234,257.2756,15.099485,84.52568,27.934048,94.467125,0.85253364,138.00247,11.916969,120.17406,6.2635217,103.00715,11.857102,115.71936,2.1227205,103.195465,12.242048,55.206017,4.1458607,114.68802,18.673223,59.51237,5.0094643,47.026905,10.756782,100.89186,-7.96403,149.67891,-1.0501755,81.07528,-10.595001,58.22033,-0.21633272,79.332245
2,09_sarah_connor_-_1_and_1__2.mp3,09_sarah_connor_-_1_and_1__2.mp3.2,documents/09_sarah_connor_-_1_and_1__2.mp3,81.63666666666667,66150,0.39320946,0.09199385,0.21660736,0.012226411,2806.0178822523385,1229643.3106720531,2887.8506722207057,120157.77464942123,6291.173753004808,3644227.1339546293,0.114990234375,0.008760306468376746,-3.2692215e-06,0.028691525,-47.415211010751435,151.52074277423293,129.19921875,-100.14348,3939.1028,63.051548,823.34906,32.823174,713.8802,43.938236,276.83545,9.504109,153.24043,5.2618766,340.75638,-0.57968915,202.65962,4.9273944,196.83702,-2.7326593,104.26839,14.906615,106.38272,-14.377285,172.0814,6.7015533,93.46908,-6.3381534,71.35956,6.8642793,57.766323,-6.5744834,79.712074,6.4815693,75.780495,-8.284987,74.492485,0.69953156,65.2436,-7.2865844,62.164047,8.846511,85.9973
3,09_sarah_connor_-_1_and_1__2.mp3,09_sarah_connor_-_1_and_1__2.mp3.3,documents/09_sarah_connor_-_1_and_1__2.mp3,84.63666666666667,66150,0.40471762,0.10124475,0.17948532,0.013748782,2964.2205254569653,2455357.7385691046,2928.746953142303,371440.11136474553,6400.8274489182695,7669212.7324273605,0.1427546574519231,0.021178362933841684,2.9156394e-05,0.02221302,-50.91168080370434,204.29830242403347,123.046875,-131.21773,5821.6387,78.28032,1497.7474,31.020887,503.61243,16.996721,510.79608,8.367355,273.4223,2.031166,353.9053,1.9433082,147.04768,-8.361183,263.38525,-5.339049,117.18088,18.540821,128.75014,-19.738434,242.76343,3.1692848,115.484406,-12.741664,128.6885,4.965562,68.7757,-11.047115,89.53888,2.610563,42.06746,-10.683263,92.773315,0.25750175,36.145157,-5.68294,54.414776,1.5520723,43.595116
4,09_sarah_connor_-_1_and_1__2.mp3,09_sarah_connor_-_1_and_1__2.mp3.4,documents/09_sarah_connor_-_1_and_1__2.mp3,87.63666666666667,66150,0.38532647,0.098949276,0.23921987,0.009987831,2093.508063007828,1566986.5606938794,2595.5620564783862,430372.7291065286,4617.79541015625,8619951.596616324,0.06418644831730769,0.004313212583756306,0.00029498173,0.039501462,-48.904009299212056,188.44352652127608,129.19921875,-134.15222,5095.3223,97.98394,2237.5957,46.122116,484.99423,38.00334,221.25868,11.380427,151.71864,1.6040624,245.86815,5.5286264,185.03969,1.9343425,153.85208,5.7759867,140.70276,12.114483,108.23373,-13.810973,101.59047,8.818905,93.719406,-4.3669267,63.687725,5.749998,84.24618,-8.525107,51.02508,3.2767076,82.1709,-3.4488118,71.91084,-5.8718977,51.986217,-10.068752,44.12521,4.2661896,37.308163
5,09_sarah_connor_-_1_and_1__2.mp3,09_sarah_connor_-_1_and_1__2.mp3.5,documents/09_sarah_connor_-_1_and_1__2.mp3,90.63666666666667,66150,0.41534737,0.09757845,0.2056236,0.014146105,2633.83805945079,1517699.2189582742,2810.85621382991,266086.6987441558,5734.706092247596,6267743.016004597,0.09651442307692308,0.006772391810219669,-0.00024608808,0.0240199,-50.55338473414693,219.97550088830764,129.19921875,-127.33633,5984.899,78.20867,1277.8365,29.19982,509.312,32.78249,492.93808,12.080612,355.5839,-5.6024017,472.42297,-2.662761,151.05327,-0.5193261,196.13495,-13.381098,176.31006,10.894152,223.64732,-22.846601,209.11244,6.843283,187.13818,-14.308777,132.33008,6.5425653,93.55616,-8.350739,127.92506,0.44089568,85.34872,-7.3080163,115.10161,-0.18459085,106.34972,-1.5340508,82.991425,9.011709,93.84635
6,09_sarah_connor_-_1_and_1__2.mp3,09_sarah_connor_-_1_and_1__2.mp3.6,documents/09_sarah_connor_-_1_and_1__2.mp3,93.63666666666667,66150,0.4205769,0.09302681,0.23728259,0.01132106,2589.6909555267866,1853810.1250099465,2665.6352347425614,314157.1476054705,5565.753267728365,7058455.085170373,0.11600060096153846,0.011965571691298625,0.0002620038,0.034578063,-47.23423831365413,194.31805628961712,123.046875,-96.48964,10022.369,78.1939,1658.6964,22.17222,673.54974,36.96769,441.35342,15.677295,313.1746,5.5397735,300.6682,4.573854,268.46262,4.3036284,126.31887,-8.03088,118.34238,7.362073,130.36588,-13.59066,141.44388,12.737545,151.48782,-8.142666,112.22141,7.7363057,149.23872,-5.211778,86.97856,7.492889,92.992165,-4.1998124,58.846107,4.2981424,71.072174,-1.2670786,72.25612,4.1989594,63.870968
7,09_sarah_connor_-_1_and_1__2.mp3,09_sarah_connor_-_1_and_1__2.mp3.7,documents/09_sarah_connor_-_1_and_1__2.mp3,96.63666666666667,66150,0.41307765,0.09341371,0.26289785,0.009711999,2538.449063917518,652389.0411709006,2711.3960780613743,129136.75544565821,5758.558255709135,2894126.56090912,0.09080904447115384,0.0031415919721479247,-0.00023010201,0.043290116,-45.75508546015648,148.81993595259553,123.046875,-72.08583,4042.2288,72.46965,852.70074,13.664455,395.6255,45.638176,386.76636,14.736106,142.69925,6.8402514,193.65273,4.7272825,163.67842,0.4180493,229.32704,-6.689422,133.75024,19.717262,171.74084,-16.953527,155.17088,6.974369,62.948013,-6.5331044,98.94774,11.050916,108.111855,-5.120089,128.73822,4.305659,139.30016,-4.1663265,97.4524,6.0670295,146.32323,-2.7142978,119.347374,7.3075304,144.80095
8,09_sarah_connor_-_1_and_1__2.mp3,09_sarah_connor_-_1_and_1__2.mp3.8,documents/09_sarah_connor_-_1_and_1__2.mp3,99.63666666666667,66150,0.3739101,0.09875135,0.21595629,0.011430634,2983.089133060282,1076528.9601975153,2820.846223220998,79840.97228327111,6341.6111403245195,2655864.0931431707,0.12881986177884616,0.007664308054207343,-3.3784494e-05,0.028042596,-46.94574922946276,189.35416023784074,107.666015625,-85.92103,4154.245,60.746864,992.97375,20.02245,455.42294,41.710453,338.54202,10.251067,169.57999,-3.6085167,383.0958,2.2730668,170.1347,3.0584192,127.72492,-16.628057,370.08432,10.377376,228.87292,-19.466106,205.05461,3.177126,90.09677,-15.374126,151.64691,0.62776464,106.54201,-7.2657967,65.08598,-3.352809,104.80205,-9.388221,74.816025,1.9185753,40.418575,-5.9564433,79.80563,7.2097087,88.05411
9,09_sarah_connor_-_1_and_1__2.mp3,09_sarah_connor_-_1_and_1__2.mp3.9,documents/09_sarah_connor_-_1_and_1__2.mp3,102.63666666666667,66150,0.38979098,0.09161065,0.24957164,0.010809844,2662.759138495977,1200602.5003970931,2969.343401326978,135108.92213778867,6549.820650540865,2967085.7125310856,0.0887920673076923,0.00551632170141096,-3.3937707e-05,0.04194798,-46.909320478635124,157.56350265784417,129.19921875,-95.8262,3226.189,79.58121,824.5542,38.810173,831.49524,32.31577,197.50655,17.436274,150.1995,3.3399236,244.98062,8.747922,236.51761,4.7734385,143.7544,-19.749134,116.37836,21.13469,151.45688,-15.325187,111.14651,6.9710784,137.60529,-13.194334,87.082726,3.432443,50.61166,-2.559737,102.08098,3.7419152,69.90279,-8.040649,72.44381,6.6780677,73.57973,-5.6795797,76.9385,6.549743,73.23619
10,09_sarah_connor_-_1_and_1__2.mp3,09_sarah_connor_-_1_and_1__2.mp3.10,documents/09_sarah_connor_-_1_and_1__2.mp3,105.63666666666667,66150,0.37433088,0.09854733,0.2060146,0.01038842,2672.2087367072195,1855816.9189501042,2796.4047587023847,311857.6478354472,5702.654747596154,6495551.192774716,0.09494816706730769,0.007749172766533125,3.7998067e-05,0.025774732,-48.93888538336508,202.37954424606812,123.046875,-117.81872,5904.8154,80.90825,1302.4733,30.34694,803.04016,33.56159,298.04916,14.829705,236.04628,-2.141315,372.5328,0.36318642,133.70065,-0.13254865,198.5162,-13.465127,108.6835,10.381558,247.34126,-22.51546,193.63037,5.59782,84.00375,-10.53983,158.67,5.903946,71.997086,-11.168038,96.08739,-0.8942308,48.35459,-11.653854,81.86277,-5.538619,86.330765,-13.918468,56.70963,3.432148,32.44483
11,09_sarah_connor_-_1_and_1__2.mp3,09_sarah_connor_-_1_and_1__2.mp3.11,documents/09_sarah_connor_-_1_and_1__2.mp3,108.63666666666667,66150,0.42785397,0.095474035,0.22067037,0.009225162,2720.87327118926,2056650.5614345027,2747.555327188341,421022.4390238105,5904.901216947115,7363362.708899255,0.11753680889423077,0.013113283137597982,0.000110563735,0.035248216,-47.43413973106499,169.18185580324894,117.45383522727273,-103.59525,6374.3623,77.60079,1517.4254,30.201756,816.5833,38.94105,301.1129,14.346839,277.0216,-1.1711956,359.92902,3.896267,207.41542,9.333543,112.96357,-3.8326044,195.91647,9.503587,136.53943,-16.808994,99.60339,12.004124,88.921364,-5.2382317,74.284294,8.53412,87.720764,-6.5214524,86.02497,6.615181,70.47465,-1.7047819,87.33425,0.28192174,43.982925,-4.133544,81.253624,6.870032,61.101963
12,09_sarah_connor_-_1_and_1__2.mp3,09_sarah_connor_-_1_and_1__2.mp3.12,documents/09_sarah_connor_-_1_and_1__2.mp3,111.63666666666667,66150,0.35620883,0.090406425,0.29538628,0.0062338435,3357.8295010124834,410023.737281136,3196.9502383502063,39615.18052814765,7802.55615234375,305169.60227168526,0.133740234375,0.0026214520747844987,-0.00032095716,0.059507105,-41.02817334463674,131.33457763002363,129.19921875,-19.213545,1297.0535,55.39794,446.89175,26.988459,247.86565,32.272865,246.16277,6.732601,129.99133,-0.030244797,99.53911,-4.290449,103.11807,5.7372084,120.8343,-7.505426,55.940723,10.967963,103.8869,-17.71198,73.16439,10.802444,66.58275,-4.6087856,99.07459,13.042651,40.293076,-1.5875907,38.232075,9.754612,126.19494,-13.11813,106.050156,-1.7929177,66.98107,-5.629359,74.971855,3.8851664,95.248985
13,09_sarah_connor_-_1_and_1__2.mp3,09_sarah_connor_-_1_and_1__2.mp3.13,documents/09_sarah_connor_-_1_and_1__2.mp3,114.63666666666667,66150,0.33120263,0.096515395,0.24433362,0.009038598,3237.4362505068284,418507.5238632299,3313.2372261153696,36961.52082105053,7987.990159254808,406741.9565055498,0.11859975961538462,0.0031135934908714524,0.00015027102,0.040833466,-43.61230558980882,184.57256189370662,129.19921875,-53.906902,2378.012,66.257866,434.34247,31.56644,248.62413,20.516384,236.00249,10.407068,200.50279,-1.195104,320.74368,-4.0726337,135.89174,-6.1148205,114.700645,-12.266648,110.10741,10.660911,223.31926,-23.727608,252.93077,5.8967557,75.367325,-4.194682,80.37131,10.931396,41.205555,-6.850606,52.528717,2.3373625,97.8579,-19.16815,81.161,-3.810372,77.41913,-9.376578,94.81656,1.780242,49.236694
14,09_sarah_connor_-_1_and_1__2.mp3,09_sarah_connor_-_1_and_1__2.mp3.14,documents/09_sarah_connor_-_1_and_1__2.mp3,117.63666666666667,66150,0.3922288,0.091297865,0.25526258,0.00922714,3032.247044997131,680062.0629431227,3218.5750994158507,86960.41920947263,7502.0851487379805,1785920.9164536563,0.10625375600961538,0.004657739845253307,1.7363423e-05,0.039424382,-43.37004919487408,128.69098598378943,129.19921875,-57.346687,1905.036,68.551285,567.67523,36.636078,253.5531,33.65053,171.0612,15.462113,187.43643,6.729375,94.81986,3.4958472,64.6101,1.8045818,66.368935,-4.4154053,85.726364,13.724931,117.51293,-15.424488,70.1742,6.9512596,47.05374,-5.3561645,44.75803,7.2067714,48.225323,-10.372095,42.190346,3.9789512,71.75046,-11.786348,71.86869,1.7960763,66.05944,-9.265615,52.9743,-1.9265363,60.68971
15,09_sarah_connor_-_1_and_1__2.mp3,09_sarah_connor_-_1_and_1__2.mp3.15,documents/09_sarah_connor_-_1_and_1__2.mp3,120.63666666666667,66150,0.40385187,0.08772022,0.22251788,0.008841619,3334.2035629685042,806573.8974177585,3215.3656173126155,47154.31242066242,7736.548602764423,782425.8265489658,0.13611403245192308,0.008409594770013932,2.4656436e-05,0.027098175,-45.700871633072204,182.72695370300653,129.19921875,-62.436283,3153.383,56.37077,460.6467,33.22718,550.45386,34.960873,284.40283,10.249671,221.47043,-7.8084517,249.45741,-7.377427,190.78809,-0.753114,176.56625,-16.9724,127.45541,3.3609068,119.34446,-16.999035,117.44279,4.5578003,97.84483,-9.424156,50.89378,5.096292,85.40554,-9.522044,77.59803,-0.9991861,49.596916,-18.005848,28.13619,-3.9232574,55.24933,-9.403191,43.516273,-0.37824154,34.363823
16,09_sarah_connor_-_1_and_1__2.mp3,09_sarah_connor_-_1_and_1__2.mp3.16,documents/09_sarah_connor_-_1_and_1__2.mp3,123.63666666666667,66150,0.34193084,0.085758105,0.29300314,0.011550142,3119.6173112107444,845831.6545535399,3180.7717337018166,39303.51217943308,7679.485614483173,412145.90699662117,0.13114483173076924,0.011616676714293348,-5.5397155e-05,0.04872216,-41.68739992391862,147.75381016616527,123.046875,-30.238443,1779.848,69.682175,510.84268,31.931923,363.42987,25.61764,356.9047,14.383706,196.91515,0.43925312,155.19772,-4.9695415,195.03185,3.102778,106.61399,-4.221514,84.3041,14.252787,184.37227,-20.238184,90.69121,3.4987078,86.25427,-11.238322,38.046013,3.8198998,67.83696,-9.409681,57.08561,5.6801834,79.21052,-6.662193,84.82301,6.759051,97.60071,-3.3607469,93.08013,1.7766367,91.30646
17,09_sarah_connor_-_1_and_1__2.mp3,09_sarah_connor_-_1_and_1__2.mp3.17,documents/09_sarah_connor_-_1_and_1__2.mp3,126.63666666666666,66150,0.34186953,0.090368144,0.2914861,0.008044739,2923.252166752297,402101.5440594429,3001.9837220772556,43167.43833698243,6871.3279371995195,1102449.3940765688,0.1154522235576923,0.0028915811008250218,-8.771151e-06,0.049054928,-40.77100028606054,125.9100501704247,129.19921875,-18.87076,2134.0234,69.26484,349.5847,17.403025,206.85597,28.118158,210.29904,3.997064,134.68422,8.383407,123.80123,-0.00033111573,125.34094,1.742568,119.150734,-3.8695903,71.78631,16.86239,125.70168,-11.083392,38.32843,5.255379,76.069756,-10.706019,60.145535,6.0803685,74.32653,-10.2747555,99.45342,4.1628428,53.767143,-12.134362,99.26932,3.987099,115.95535,-2.3702307,171.16136,6.0636106,67.61371
18,09_sarah_connor_-_1_and_1__2.mp3,09_sarah_connor_-_1_and_1__2.mp3.18,documents/09_sarah_connor_-_1_and_1__2.mp3,129.63666666666666,66150,0.30400407,0.08579829,0.27121845,0.00953463,3063.5199966865734,520405.3557976655,3084.860986647431,38415.893784780936,7342.656625600962,796584.1638031795,0.1228778545673077,0.004669672568168866,2.4244246e-05,0.0433111,-41.494409205786205,196.26049445751042,129.19921875,-34.673096,2190.4421,66.099266,650.08575,18.26437,299.09082,15.445479,218.53209,1.3720582,259.36792,5.8697248,168.51328,1.0978807,232.91174,-8.12782,216.8633,-14.170221,217.69847,13.505106,227.6998,-19.226486,99.1405,-1.2516019,82.5859,-17.462542,93.24816,0.37260732,134.0966,-10.335708,230.24973,6.0527964,264.95285,-7.0882044,160.31044,4.651167,205.4138,-0.91509706,171.92233,6.056511,147.65298
19,09_sarah_connor_-_1_and_1__2.mp3,09_sarah_connor_-_1_and_1__2.mp3.19,documents/09_sarah_connor_-_1_and_1__2.mp3,132.63666666666666,66150,0.36276904,0.08589434,0.29705682,0.008631138,2990.413027851661,465075.08481408894,3163.834622740396,71547.17751256684,7225.217848557692,1269075.8068067788,0.10444711538461539,0.0016457427323922603,-1.0094185e-05,0.052143518,-41.26571722553256,132.6703357479749,129.19921875,-30.773705,1593.2357,70.22345,416.34418,26.483835,364.72815,27.725643,202.88599,14.513783,108.09175,7.0364037,129.19687,3.006462,124.813675,-2.094529,154.82784,-6.0447025,107.73495,16.961302,107.10809,-12.975464,68.25555,5.342855,101.74623,-7.1090794,46.08119,6.1872463,43.125587,-13.822504,72.9227,-1.4372278,66.27796,-10.6385145,71.51304,0.83369625,63.1496,-6.0137253,91.71908,6.1330304,125.07814
20,09_sarah_connor_-_1_and_1__2.mp3,09_sarah_connor_-_1_and_1__2.mp3.20,documents/09_sarah_connor_-_1_and_1__2.mp3,135.63666666666666,66150,0.40707374,0.09041568,0.23484762,0.008182292,3702.6612747613794,1328482.081080935,3296.8431563344775,80353.44776998021,7999.005220853365,896430.8508204638,0.1725811298076923,0.013571280925231573,-0.00015916901,0.029759835,-44.4273498909676,166.0187440488929,129.19921875,-46.640087,2188.4424,55.344204,572.2964,33.168434,546.1946,24.41041,262.5086,11.863597,285.447,-1.1366488,225.36842,-5.0832243,160.2048,-0.4878076,126.73977,-11.964038,102.410706,6.4348044,150.77377,-17.915417,88.72282,4.6169896,103.414795,-12.59207,64.641945,4.6352034,71.74762,-12.087383,64.049095,2.7844958,102.897255,-17.04949,50.962166,-2.7099638,36.93399,-11.198191,63.02497,-0.76194656,51.84677
21,09_sarah_connor_-_1_and_1__2.mp3,09_sarah_connor_-_1_and_1__2.mp3.21,documents/09_sarah_connor_-_1_and_1__2.mp3,138.63666666666666,66150,0.3453399,0.08827364,0.28466037,0.010907677,3027.3042543361107,883383.8535877902,3128.0323415083353,55341.81098999354,7323.939302884615,1295110.3857761305,0.11524564302884616,0.004788532496909417,2.3842838e-05,0.04978883,-42.42825756979879,160.6813791051105,123.046875,-40.911747,2113.0803,70.51501,647.29395,29.764915,282.06003,20.272263,175.21243,8.940952,115.08167,14.707086,153.18904,1.7580619,239.90848,-4.738145,113.6956,-6.4524255,92.10219,15.2888365,227.26984,-17.437468,109.3251,4.8108435,87.04237,-11.1181345,70.37425,5.236704,38.81606,-10.093807,49.982487,2.240181,90.14643,-17.585938,60.245052,-2.2676642,60.00316,-6.1120663,101.098335,3.6130245,76.718315
22,09_sarah_connor_-_1_and_1__2.mp3,09_sarah_connor_-_1_and_1__2.mp3.22,documents/09_sarah_connor_-_1_and_1__2.mp3,141.63666666666666,66150,0.32457644,0.0965291,0.2151505,0.010172552,3019.365186896091,649091.1534286882,3093.528270452424,70649.2052007073,7205.672325721154,1509733.9302718993,0.11545973557692307,0.004238639075375167,4.243468e-05,0.030085629,-45.88284920326012,232.53281247075682,129.19921875,-67.64195,3770.9104,68.035545,342.28244,21.648232,285.3617,21.259592,551.63544,3.8983078,119.99084,-0.2603276,334.42548,-5.119663,78.18807,-4.9831686,230.03325,-6.379173,64.04427,7.719087,94.018,-22.572845,228.78151,1.6968323,90.87461,-12.0073185,46.391804,3.8915188,104.8445,-10.728549,89.11919,1.0330634,78.36817,-15.29125,103.565926,-3.3849285,43.462948,-10.071308,35.594215,2.9084976,67.742744
23,09_sarah_connor_-_1_and_1__2.mp3,09_sarah_connor_-_1_and_1__2.mp3.23,documents/09_sarah_connor_-_1_and_1__2.mp3,144.63666666666666,66150,0.27711433,0.096535906,0.11585492,0.0009919053,3579.3677001925507,564054.232469111,3357.1408441607005,70688.17159244335,8328.96014873798,501897.91476447904,0.14619516225961537,0.005690228741549881,-1.1719842e-05,0.00926057,-47.17494500660127,257.7526904372158,123.046875,-125.30509,1469.7942,55.89572,578.3941,27.620039,348.53986,14.646934,307.63672,0.2714763,124.01815,-15.851065,285.44626,-5.3191285,94.301384,-9.946811,107.976204,-16.755592,76.95134,2.6918693,107.46047,-30.497328,82.28226,-1.1412294,34.373035,-14.698617,33.07674,-1.8130478,35.83325,-16.741062,35.749535,-2.6907954,37.72954,-16.848846,33.88591,-2.966936,27.447254,-11.470248,40.653122,2.775262,50.197235
24,09_sarah_connor_-_1_and_1__2.mp3,09_sarah_connor_-_1_and_1__2.mp3.24,documents/09_sarah_connor_-_1_and_1__2.mp3,147.63666666666666,66150,0.26117033,0.09761075,0.110256694,0.00093780184,3595.348168617915,594014.2495364517,3415.445888091253,63109.642121948,8454.01836688702,369210.865467293,0.14165790264423078,0.008033373299435044,1.0927439e-05,0.009437547,-47.5515181065341,253.5216418176296,123.046875,-139.53539,1190.4723,55.528095,531.20355,35.570923,392.88065,21.071781,316.08347,5.4328766,109.73424,-11.463178,275.93045,-6.646134,103.71479,-14.046443,96.4173,-18.179094,41.43082,4.811921,118.02993,-30.66377,34.123318,-0.9376843,41.338512,-12.458093,46.190964,2.8624008,35.913246,-14.762891,30.06014,0.40856287,48.3384,-10.757968,17.439491,3.038561,26.050726,-12.734885,27.452162,-1.0472203,41.932125
25,09_sarah_connor_-_1_and_1__2.mp3,09_sarah_connor_-_1_and_1__2.mp3.25,documents/09_sarah_connor_-_1_and_1__2.mp3,150.63666666666666,66150,0.25512767,0.090429865,0.1300185,0.0009928034,3361.9035423189,488677.0796354716,3313.8435171323786,39794.53736037867,8176.736966646635,347832.4451181663,0.12596153846153846,0.003741891341801931,1.6252447e-05,0.01169346,-45.46027065212839,289.6079735960498,129.19921875,-116.7962,1556.762,64.178314,509.74548,25.17831,397.65408,3.0844533,312.65244,-1.8045757,163.03564,-9.687052,267.74127,-6.114378,86.816444,-13.889761,103.102875,-11.155555,37.829388,10.446452,88.802086,-35.703568,85.42826,-4.102106,40.28163,-14.261261,24.067287,-2.1485295,38.634205,-17.443027,36.255627,-2.472492,32.756706,-19.474714,64.38321,-5.202847,27.77705,-13.118035,34.97671,2.0516863,58.632664
26,09_sarah_connor_-_1_and_1__2.mp3,09_sarah_connor_-_1_and_1__2.mp3.26,documents/09_sarah_connor_-_1_and_1__2.mp3,153.63666666666666,66150,0.3197317,0.08693745,0.13704662,0.0015013125,3135.5942012094097,813810.1186752022,3259.687603350928,45513.32222469148,7863.263221153846,570595.2474113047,0.12091346153846154,0.006419816891822588,8.2832344e-07,0.014698938,-44.046890243142684,261.4757450105524,129.19921875,-122.01211,1052.1799,72.94178,734.50134,42.9094,725.98035,12.975828,304.66415,0.8233837,148.46915,2.3127441,200.21616,-3.2892,157.56142,-8.750289,110.281296,-10.717994,34.95057,11.539272,106.75671,-28.392008,62.691338,-2.8344736,38.540302,-15.729583,57.885117,-1.8022633,36.23162,-18.398092,23.51645,-2.000528,37.512177,-17.044992,55.21927,-3.6436405,36.75287,-14.388569,43.430607,-2.093646,29.46759
27,09_sarah_connor_-_1_and_1__2.mp3,09_sarah_connor_-_1_and_1__2.mp3.27,documents/09_sarah_connor_-_1_and_1__2.mp3,156.63666666666666,66150,0.39544702,0.09884593,0.13772982,0.009207778,2103.3707247194584,403343.38463087566,2914.704950217762,69843.65842129482,6081.307842548077,1557736.432755346,0.05310621995192308,0.0008210688512000811,-2.9818235e-05,0.010672653,-51.142922919647326,253.68602704423088,129.19921875,-189.06972,5667.4106,89.3195,321.76328,60.061577,289.50433,34.082756,103.699524,16.485508,65.326416,10.390338,96.27515,-14.366775,107.233086,1.4883096,94.775406,-9.882369,47.792496,5.769401,55.682888,-20.391338,54.976173,-4.452377,61.714077,-5.950578,33.69683,7.37785,35.92099,-15.482024,41.40292,-7.833482,46.15344,-6.203791,59.573467,-3.0614274,35.51176,-7.655472,19.554737,-1.7080755,31.474424
28,09_sarah_connor_-_1_and_1__2.mp3,09_sarah_connor_-_1_and_1__2.mp3.28,documents/09_sarah_connor_-_1_and_1__2.mp3,159.63666666666666,66150,0.3522063,0.103665516,0.15425827,0.017253764,3165.103361966984,1126985.7785787554,2855.0749140889848,91373.36364365315,6755.379920372596,2156996.5047744955,0.13660982572115385,0.007701009109880797,-5.0591017e-05,0.01374876,-51.89670058343366,270.0733641643698,123.046875,-138.63239,15534.827,48.567276,1093.3591,16.07693,909.3398,29.047638,355.7485,-2.269596,211.18524,10.486741,130.1356,-9.15189,149.94507,-5.1931,109.20679,-5.030033,115.74696,6.114739,93.61964,-17.602787,111.71999,0.11354256,48.60758,-10.090903,114.78575,7.686592,86.478935,-0.72913444,126.165924,6.6182137,246.06355,-6.1506658,73.87693,2.1252902,152.85522,-2.0840282,103.14917,2.940337,82.93769
29,09_sarah_connor_-_1_and_1__2.mp3,09_sarah_connor_-_1_and_1__2.mp3.29,documents/09_sarah_connor_-_1_and_1__2.mp3,162.63666666666666,66150,0.28055125,0.08580381,0.24315262,0.0080099255,2898.9462175449667,403964.53094813024,3229.7236453352252,54665.85474298617,7607.7634840745195,1036005.6434640165,0.09372746394230769,0.0018663217894424344,7.031877e-05,0.039024454,-46.308726771746095,228.83029327440804,129.19921875,-83.93621,4269.0435,79.72752,527.35913,40.94969,459.45062,7.548817,258.11734,-3.2977924,171.7067,10.810095,174.24745,-1.6976681,180.4042,-16.003933,153.59398,-14.326941,109.778824,12.592556,162.42253,-28.54223,168.07509,1.3853291,94.889656,-20.63108,83.04653,2.9477282,126.347824,-4.373476,234.06966,10.600437,150.56006,-13.86327,106.376366,9.0082,89.4286,-5.0485706,112.47097,7.443588,105.37316
30,09_sarah_connor_-_1_and_1__2.mp3,09_sarah_connor_-_1_and_1__2.mp3.30,documents/09_sarah_connor_-_1_and_1__2.mp3,165.63666666666666,66150,0.36490366,0.08674823,0.23956762,0.012946224,1819.0895115503936,953308.0409889224,2448.9333796822566,373954.3314400061,4093.130634014423,6138091.519778861,0.05506685697115385,0.0013390147333314434,1.5919124e-05,0.037688598,-47.744118896844356,237.49650617466878,129.19921875,-137.7235,6687.1494,108.85961,1472.4451,47.31875,358.6526,25.470016,266.27698,-0.71511537,250.75246,13.157709,122.87257,-2.3685608,152.01053,-5.352204,142.38994,-11.526077,115.52302,-1.5357873,128.91736,-10.320072,127.09006,9.908601,65.69654,-11.265809,77.57035,-0.82533795,114.55264,-8.63647,65.477005,3.1341069,79.17616,-3.9297905,122.56075,10.013839,66.62052,1.5828656,91.80669,2.2022116,73.09821
31,09_sarah_connor_-_1_and_1__2.mp3,09_sarah_connor_-_1_and_1__2.mp3.31,documents/09_sarah_connor_-_1_and_1__2.mp3,168.63666666666666,66150,0.37645796,0.086058125,0.22230703,0.0095757665,1927.979911550245,935748.1873042859,2479.3828719853755,279051.50286227325,4267.052659254808,5866900.172345596,0.0658428485576923,0.003019800411878959,8.247889e-05,0.030173477,-47.016779028700554,210.40983363213155,123.046875,-128.73563,7415.2134,101.30057,1219.1423,39.588417,441.02002,29.74887,219.51616,2.3323572,150.50797,16.695154,98.83046,-3.2836215,138.31845,-3.2237267,124.29049,-9.403933,84.17299,2.0834112,167.99092,-17.748512,91.21809,2.8288326,67.12219,-12.575596,83.95841,5.0124607,103.47436,-3.5724895,174.83516,0.8831745,80.82889,-11.7767725,90.7317,-1.1364605,60.94417,-4.17511,75.77015,3.7842238,86.8576
32,09_sarah_connor_-_1_and_1__2.mp3,09_sarah_connor_-_1_and_1__2.mp3.32,documents/09_sarah_connor_-_1_and_1__2.mp3,171.63666666666666,66150,0.36751524,0.08540114,0.2251403,0.0155302435,2090.069786532633,931340.5282289418,2640.101945987508,226827.61822271245,4801.158916766827,5510700.258504321,0.06014122596153846,0.0015138154340213572,2.105036e-05,0.03291315,-47.60784738647561,239.91471919142577,129.19921875,-129.3532,8246.837,95.24943,1182.2458,45.236156,365.72583,28.622854,280.98413,-0.3548834,192.61748,15.470897,142.34964,-4.368644,59.052307,-1.66979,106.423935,-11.107765,109.18123,-1.4887357,203.69092,-20.920088,137.58505,1.4979199,78.76703,-12.218234,60.66074,2.3910134,107.59067,-5.8494782,111.394714,-3.8353524,113.99442,-9.827743,94.73856,3.1708467,55.567535,0.92137784,57.00644,4.9529996,38.136147
33,09_sarah_connor_-_1_and_1__2.mp3,09_sarah_connor_-_1_and_1__2.mp3.33,documents/09_sarah_connor_-_1_and_1__2.mp3,174.63666666666666,66150,0.35662356,0.086734585,0.24456489,0.010684808,2016.1876091914262,782983.9242255887,2656.915356340476,192091.10280548845,4772.006272536058,4811490.543560481,0.056005859375,0.0013825550446143519,0.00016374628,0.040050074,-47.65665118422193,227.96228352215473,123.046875,-122.36841,6381.888,93.44463,913.6638,47.75834,341.49673,31.037424,359.33972,2.8327177,198.71599,19.243885,116.17459,0.8392384,118.79813,0.64363986,102.91961,-14.125434,88.95355,0.28207162,214.94681,-17.007359,164.44081,4.836158,122.76854,-13.702632,101.179825,0.3864814,79.73014,-7.68123,99.59654,-3.7874744,87.99443,-8.658471,50.503525,6.733941,62.61098,2.88321,72.753784,5.1954074,53.937122
34,09_sarah_connor_-_1_and_1__2.mp3,09_sarah_connor_-_1_and_1__2.mp3.34,documents/09_sarah_connor_-_1_and_1__2.mp3,177.63666666666666,66150,0.32168767,0.0847846,0.21853605,0.009436097,2457.372483974392,739349.4343102989,2896.1657420076617,109135.0952006173,5973.890286959135,3687859.1273024585,0.08170823317307692,0.0026588423576580705,4.6231246e-05,0.03060195,-47.045813079879565,226.00461587803912,129.19921875,-100.05588,4528.3237,89.424385,853.174,38.503117,425.8367,16.031948,251.0076,-2.5805588,187.72412,6.357486,153.12373,-7.4166045,183.04942,-11.855215,127.73323,-17.01167,66.65817,9.58109,170.12576,-19.618685,124.094666,3.935218,78.0716,-15.957679,95.105255,0.42276162,75.13661,-10.695829,111.77694,0.9561477,150.4957,-9.64339,165.12941,7.8947597,81.39354,-0.6951484,68.01891,6.418919,75.47755
35,09_sarah_connor_-_1_and_1__2.mp3,09_sarah_connor_-_1_and_1__2.mp3.35,documents/09_sarah_connor_-_1_and_1__2.mp3,180.63666666666666,66150,0.36821508,0.08536273,0.2573927,0.0104337,2286.421112066816,549002.8738400645,2846.4265782017887,152952.38158907133,5740.751953125,3143686.158844141,0.07041015625,0.001268142553476187,2.4596472e-06,0.04171031,-44.6311770585729,181.53906901413845,129.19921875,-90.14894,3572.1265,91.91426,660.18243,40.189182,388.5417,24.299133,277.2309,5.9045944,218.50607,10.892633,224.33229,-3.4271019,124.711334,-2.9888432,177.87341,-16.014618,113.00696,9.750312,131.65799,-13.612579,131.08998,6.7346616,69.639015,-12.719021,51.62277,3.0018857,70.86581,-6.609478,88.00797,3.2691627,134.05196,-2.601506,77.121544,13.14743,97.87645,0.60390496,91.82586,3.7559495,36.972942
36,09_sarah_connor_-_1_and_1__2.mp3,09_sarah_connor_-_1_and_1__2.mp3.36,documents/09_sarah_connor_-_1_and_1__2.mp3,183.63666666666666,66150,0.36063877,0.08512653,0.2590294,0.008933153,2252.0865984328466,567600.8529862199,2846.2269133485433,100078.9850563145,5600.454852764423,3628230.076901165,0.06832557091346154,0.0014675807529652611,2.3554281e-05,0.0432951,-47.77384483480994,207.114684003171,129.19921875,-92.90158,4738.096,91.67633,759.02765,41.06429,357.3326,23.167011,370.64752,6.798646,306.18954,7.662399,184.00366,-3.41387,139.67867,-6.092664,181.0359,-16.569637,108.42519,4.9609404,149.83969,-18.43312,96.66337,3.7815042,84.84166,-11.35139,53.980293,9.273641,78.56014,-3.1149719,100.71715,1.5155324,124.457054,-11.894399,98.07579,5.5693927,48.458588,2.1371362,52.21189,9.474845,78.09984
37,09_sarah_connor_-_1_and_1__2.mp3,09_sarah_connor_-_1_and_1__2.mp3.37,documents/09_sarah_connor_-_1_and_1__2.mp3,186.63666666666666,66150,0.35766736,0.0838573,0.25742668,0.009259319,2092.620814866828,552477.7748004335,2780.2354466787715,109504.93620305748,5172.109750600962,3872319.9724911232,0.06308969350961538,0.0014789900271850224,-1.4761025e-05,0.041608624,-44.226188571011356,202.21926335897544,129.19921875,-98.751114,3488.294,97.63985,603.48834,50.18616,275.21692,25.453482,171.2536,-0.071037054,201.71254,7.8205,139.8051,-3.246164,90.01323,-5.3683248,139.9867,-18.02994,127.001686,2.6263657,129.91623,-18.4895,140.62807,1.8384092,99.01887,-11.812423,67.828156,8.542531,96.59552,-2.5357273,79.5051,3.8215578,87.116875,-7.908387,66.37779,5.646414,66.59617,0.2165677,75.338005,4.1735826,66.71739
38,09_sarah_connor_-_1_and_1__2.mp3,09_sarah_connor_-_1_and_1__2.mp3.38,documents/09_sarah_connor_-_1_and_1__2.mp3,189.63666666666666,66150,0.32840487,0.08645333,0.249735,0.0073643015,2077.5628840065533,590952.8497482891,2769.7993402699403,109935.57364598647,4973.424541766827,4302289.008059762,0.05804161658653846,0.0011790289822414782,0.0002480956,0.044605315,-47.12771560227407,257.79729960976147,123.046875,-117.87912,5106.029,94.32795,905.5609,46.638783,376.66794,17.141506,289.0557,2.6128128,383.94562,5.9454975,150.85056,-1.6961501,133.37393,-4.672037,244.80673,-21.913984,179.61911,-3.2554407,121.46726,-17.127193,159.38861,4.8704524,102.990005,-13.829997,79.16386,7.401153,89.653244,5.7796316,129.39577,3.0764828,43.06172,-11.716094,123.5112,-4.3788276,95.13624,-2.3387778,80.26767,8.5527115,43.79532
39,09_sarah_connor_-_1_and_1__2.mp3,09_sarah_connor_-_1_and_1__2.mp3.39,documents/09_sarah_connor_-_1_and_1__2.mp3,192.63666666666666,66150,0.2360362,0.09388041,0.14025588,0.00096309173,2976.636044926571,1253715.6271498033,3137.5345745234963,176941.21394889345,7140.575796274038,3091339.6441384885,0.10758713942307692,0.01092428630625708,-2.155085e-06,0.015745355,-50.48152824665093,329.64773552963544,112.34714673913044,-165.42747,2017.2644,67.38936,852.89514,35.14178,582.7842,12.923045,390.0469,2.7154493,208.29353,-18.384304,408.09644,-9.106539,164.23401,-9.56479,297.165,-26.87722,175.92827,-4.676232,147.77638,-37.155113,177.2342,-11.19304,68.73473,-23.045732,213.70042,-0.04913424,298.10577,-6.812732,171.84444,-7.403708,110.86734,-10.359571,99.09175,-15.107813,126.25572,-16.28423,138.70378,1.8499345,106.34911
40,09_sarah_connor_-_1_and_1__2.mp3,09_sarah_connor_-_1_and_1__2.mp3.40,documents/09_sarah_connor_-_1_and_1__2.mp3,195.63666666666666,66150,0.26185244,0.08738964,0.10972862,0.0016472662,2312.920190896417,1099830.9663593874,2707.470342767755,617050.4974375347,5457.093411959135,8335000.01724969,0.07623948317307692,0.0014673590801171298,-4.7059575e-06,0.010686993,-50.61274621389217,352.69403893764263,129.19921875,-202.66446,8842.52,91.34929,1087.7115,20.220095,799.5129,9.185954,405.03015,-2.9156358,190.17572,-9.657285,183.8223,-0.97742295,160.86879,-1.7047592,209.99907,0.32720947,178.80408,3.193746,248.97424,-28.379772,108.7893,-11.12028,304.4279,-28.581305,123.894684,-9.6226015,116.053444,-26.342365,105.703026,-17.443405,133.95027,-12.20388,53.275745,-17.134127,110.5514,-11.917289,69.14686,1.0180386,79.824486
41,09_sarah_connor_-_1_and_1__2.mp3,09_sarah_connor_-_1_and_1__2.mp3.41,documents/09_sarah_connor_-_1_and_1__2.mp3,198.63666666666666,66150,0.206808,0.088463984,0.11696703,0.0016510276,2240.2973021176726,794004.0114347845,2726.9208107944087,416443.76262735255,5629.607496995192,5384966.299717384,0.06938852163461538,0.0023144474255262747,-1.6898226e-05,0.0129650105,-52.46846809005929,362.525091697076,129.19921875,-224.63634,6547.5063,78.809364,1063.6947,29.206121,1004.8123,15.700885,431.61426,-0.413773,168.5923,-3.7900538,461.8733,-3.4566915,192.1163,-4.95719,191.18788,-11.237844,181.98105,-6.1305914,408.25745,-27.616316,138.70728,-14.612247,159.06873,-25.446255,173.54861,-1.767623,310.62433,-14.873968,225.4676,-19.136808,197.01358,-18.76152,163.29129,-17.39368,178.52568,-16.593124,113.427284,2.2577581,118.40141
42,09_sarah_connor_-_1_and_1__2.mp3,09_sarah_connor_-_1_and_1__2.mp3.42,documents/09_sarah_connor_-_1_and_1__2.mp3,201.63666666666666,66150,0.26443917,0.09224609,0.12491638,0.0014464222,2593.8498999303993,761172.8909788945,2867.928635233276,126231.87427377996,6213.074481670673,3150920.954825222,0.08476938100961538,0.0021761545627074835,7.380314e-06,0.013318764,-49.23756866519197,351.889117026626,117.45383522727273,-146.56104,3364.206,76.17558,1000.8987,9.217304,428.74298,5.829111,510.28888,-7.4845347,120.77309,-12.981619,208.087,-5.8399553,79.68416,-9.370652,154.17142,-5.188982,92.65656,6.6982527,249.76784,-36.768513,118.00318,-14.603546,114.57743,-25.875662,49.932716,-12.668998,101.58843,-23.145325,127.557304,-13.318835,86.17775,-19.583298,73.451485,-10.325417,72.17813,-15.717344,103.39461,-2.0717678,125.32395
43,09_sarah_connor_-_1_and_1__2.mp3,09_sarah_connor_-_1_and_1__2.mp3.43,documents/09_sarah_connor_-_1_and_1__2.mp3,204.63666666666666,66150,0.2060219,0.088111036,0.13647331,0.00075996254,2978.84352347135,878479.5724582289,3178.602012130427,219425.2314812724,7275.9865159254805,4323974.032610161,0.09713792067307692,0.0030020117900780674,-2.3501929e-05,0.01509663,-49.45795897929589,355.60376394084795,123.046875,-156.93756,2630.336,75.17423,634.63324,19.649174,166.9685,-0.7939218,604.87427,3.1569273,137.25189,-21.837189,219.33035,-2.4831269,106.3607,-12.807532,345.68054,-10.87164,198.38638,16.790798,212.22551,-39.821392,259.50635,0.6950445,94.687035,-28.221956,93.380714,-9.937138,62.228622,-18.311232,132.94505,-16.228977,156.54373,-15.720228,108.46909,0.8239058,168.26471,-7.196364,82.17902,5.8701696,78.83472
44,09_sarah_connor_-_1_and_1__2.mp3,09_sarah_connor_-_1_and_1__2.mp3.44,documents/09_sarah_connor_-_1_and_1__2.mp3,207.63666666666666,66150,0.20265542,0.08448273,0.1340431,0.0015271478,2794.024781748551,685201.4233724897,2866.3479866587177,229335.7808653454,6436.854154146635,3689448.1190086463,0.10165640024038461,0.0024439118317598424,-8.188054e-06,0.012871081,-48.07114401298931,341.63854186938465,129.19921875,-142.2107,2487.5684,69.05698,984.8918,5.340517,547.5002,2.6987062,325.366,-9.3035555,251.69275,-9.358631,182.51016,-3.4634743,253.73792,-5.8402805,172.85045,-16.225819,206.64668,4.3093204,213.06866,-39.36588,97.398705,-13.831189,114.7948,-26.330948,91.23122,-8.71533,298.31894,-11.820082,99.340256,-3.3696496,64.50065,-16.387594,119.51403,-3.792248,194.53423,-5.7845874,200.49707,10.379883,172.75351
45,09_sarah_connor_-_1_and_1__2.mp3,09_sarah_connor_-_1_and_1__2.mp3.45,documents/09_sarah_connor_-_1_and_1__2.mp3,210.63666666666666,66150,0.21999495,0.0839604,0.13651446,0.0012194673,2868.4517509270604,1181813.8409195002,3024.0087273257627,199757.74485480768,6819.6482496995195,3685049.562790726,0.09743464543269231,0.004817926375823613,2.4096435e-05,0.015083936,-47.119948363639665,339.2987947925797,129.19921875,-157.00333,2607.7603,70.90296,949.2465,26.26451,453.01553,8.150877,435.40308,-1.7818761,102.60384,-22.46572,450.9241,-4.7903514,190.48897,5.7428026,146.42688,-16.17804,166.37686,5.934913,87.10673,-27.055803,164.03278,-5.312973,84.20911,-25.62423,128.87427,-19.308867,171.91866,-31.60631,97.67012,-16.466223,118.214874,-21.34727,91.790535,-4.1610985,111.762955,-3.8062372,103.332245,15.220438,147.55736
46,09_sarah_connor_-_1_and_1__2.mp3,09_sarah_connor_-_1_and_1__2.mp3.46,documents/09_sarah_connor_-_1_and_1__2.mp3,213.63666666666666,66150,0.19354457,0.085669726,0.13832544,0.0011094516,3143.605395262082,1033008.003491823,3130.9155882396544,175031.5807940299,7217.598407451923,3099586.2682795385,0.11865609975961539,0.006356076079712817,8.360518e-06,0.015827024,-49.706819848162084,340.8188868601392,123.046875,-150.62947,2679.2424,62.499783,592.4943,21.895443,478.4486,4.3573356,254.9548,0.22133261,136.94884,-25.877893,440.6437,-3.6691992,181.03296,7.567418,192.12038,-18.042694,144.96576,0.91008514,156.70192,-37.99776,229.44238,-4.824609,80.60057,-28.199434,151.22801,-6.498966,290.1363,-13.625462,235.18137,-8.704418,103.34367,-15.850759,387.24307,-12.757696,229.00145,-5.4884653,88.743996,8.426107,80.75313
47,09_sarah_connor_-_1_and_1__2.mp3,09_sarah_connor_-_1_and_1__2.mp3.47,documents/09_sarah_connor_-_1_and_1__2.mp3,216.63666666666666,66150,0.23264861,0.091920264,0.14205842,0.0010981227,2643.8917416330246,1355705.2289013688,2930.810523137419,433274.06805726164,6126.693209134615,7174942.890120116,0.08199368990384616,0.003387801887015619,-5.820801e-10,0.017210238,-50.27426351525774,375.18823612470516,123.046875,-178.692,2471.2346,78.124954,1039.2637,28.62459,650.13605,3.3423345,234.71106,-4.120896,173.2106,-17.058514,271.07364,-4.089767,137.18045,-0.14284715,285.68607,-19.689991,321.83737,0.8217536,202.04019,-34.241512,165.24294,-10.301684,109.92169,-33.63424,82.6968,-11.177667,271.76376,-22.730766,170.64236,-9.230636,63.698544,-19.248182,96.9983,-16.980728,127.5488,-15.654672,143.47429,1.9664958,87.74208
48,09_sarah_connor_-_1_and_1__2.mp3,09_sarah_connor_-_1_and_1__2.mp3.48,documents/09_sarah_connor_-_1_and_1__2.mp3,219.63666666666666,66150,0.28151897,0.09151846,0.18208463,0.004794857,2896.247018361602,994353.1213542707,2867.7188239052275,120041.52038499601,6455.819936899038,2799891.457845473,0.12799353966346153,0.008196923873833651,5.958557e-05,0.023638345,-47.89517333156826,263.9016556868013,117.45383522727273,-89.323555,5079.871,69.062454,897.9213,18.167927,383.41647,21.348396,299.4506,-6.168747,174.56947,-9.496872,221.13919,-7.860828,219.96277,0.42612937,122.646095,-7.4380465,80.71458,5.3983755,98.0577,-23.350512,90.49151,0.7556023,92.609985,-19.34542,103.76378,-3.5844223,130.53076,-21.684277,124.470085,-8.1506195,157.17548,-15.014923,73.84902,-7.984187,103.0046,-1.2958752,127.84299,9.359297,131.68134
49,09_sarah_connor_-_1_and_1__2.mp3,09_sarah_connor_-_1_and_1__2.mp3.49,documents/09_sarah_connor_-_1_and_1__2.mp3,222.63666666666666,66150,0.36938125,0.08145733,0.29202008,0.008382927,3464.9127539840415,534378.3486989737,3041.0309951021713,29562.152927033778,7600.392503004808,539760.714509078,0.1766902043269231,0.003973567499916934,-4.575618e-05,0.04609252,-40.37896694498114,146.15456683053188,123.046875,-4.9235444,1021.2987,51.81415,434.35522,12.171205,213.8305,32.02453,212.18974,13.553325,313.0459,-0.9001932,235.86037,-1.6789352,128.70541,11.053904,150.32362,-11.932623,95.67281,8.559615,86.34709,-21.03869,106.38481,6.2118306,81.40921,-7.7623816,80.763,11.311896,79.68054,-2.276859,84.06309,7.552521,73.920456,-16.314924,68.08638,-6.4686127,60.86788,-9.086787,69.06507,7.871184,95.63159
>>>>>>> origin/main
